Index,Name,Position,Height,Weight,Forty,Vertical,Benchpress,Broadjump,Cone,Shuttle,Games,Probowls
0,A.J. Green,WR,76,211,4.48,34.5,18,126,6.91,4.21,151,7
1,A.J. Jefferson,CB,72,193,4.42,44,7,126,6.72,4,43,0
2,Aaron Francisco,FS,74,211,4.74,35,17,113,6.96,4.07,75,0
3,Aaron Ross,CB,72,193,4.44,34,17,118,6.67,4.15,83,0
4,Aaron Williams,CB,72,204,4.55,37.5,18,127,6.72,4.07,59,0
5,Adam Jennings,WR,69,181,4.44,37.5,21.70000076,118,6.88,4.12,46,0
6,Adrian Madise,WR,71,215,4.49,32,21.70000076,119,7.32,4.26,11,0
7,Ahmad Black,SS,69,184,4.7,35.5,18,119,6.85,4.2,24,0
8,Airese Currie,WR,70,186,4.49,38,21.70000076,125,7.05,4.07,0,0
9,Akwasi Owusu-Ansah,CB,72,207,4.32,35.5,21.70000076,120,6.84,4.32,15,0
10,Aldrick Robinson,WR,70,184,4.35,40,17,126,6.65,4.09,0,0
11,Alphonso Smith,CB,69,193,4.47,34,13,125,7.09,4.38,42,0
12,Alterraun Verner,CB,70,189,4.52,32,11,116,6.7,4.12,125,1
13,Andrae Thurman,WR,71,192,4.54,34.5,21.70000076,121,7.31,4.3,17,0
14,Andre Caldwell,WR,72,204,4.35,33,21.70000076,124,6.75,4.11,105,0
15,Andre Holmes,WR,76,210,4.51,35,11,130,6.69,4.31,0,0
16,Andre Lott,CB,70,194,4.48,36.5,15,119,7.1,4.01,32,0
17,Andre Roberts,WR,71,195,4.4,36,15,120,6.77,4.15,180,3
18,Andre Woolfolk,CB,73,197,4.47,35.5,10,128,6.78,3.96,39,0
19,Andre' Davis,WR,73,194,4.42,39.5,21.70000076,123,6.77,4.1,104,0
20,Anquan Boldin,WR,73,216,4.72,33.5,21.70000076,114,7.35,4.33,202,3
21,Anthony Floyd,FS,69,202,4.6,33.5,19,117,7.09,4.2,17,0
22,Anthony Gonzalez,WR,72,193,4.44,38,21.70000076,123,6.54,4.08,40,0
23,Anthony Henry,CB,73,198,4.6,41,15,126,6.9,4.2,132,0
24,Anthony Malbrough,CB,69,184,4.44,35.5,20,117,6.73,4,9,0
25,Anthony Smith,FS,72,194,4.71,41,18,125,6.75,4.35,76,0
26,Antoine Bethea,FS,71,203,4.39,36.5,19,127,6.99,4.11,209,3
27,Antoine Cason,CB,72,191,4.45,35.5,20,128,7.300000191,4.08,110,0
28,Antonio Allen,SS,73,210,4.58,34,17,118,7.02,4.25,50,0
29,Antonio Brown,WR,70,186,4.56,33.5,13,105,6.98,4.18,146,7
30,Antonio Perkins,CB,71,190,4.49,40,10,126,7.17,4.07,6,0
31,Antwan Harris,CB,69,186,4.34,39,16,121,6.75,4.01,52,0
32,Antwaun Molden,CB,73,198,4.39,37.5,23,129,6.85,4.14,51,0
33,Aqib Talib,CB,73,202,4.44,38,10,131,6.82,4.22,148,5
34,Arman Shields,WR,73,194,4.37,37.5,19,128,6.67,3.96,0,0
35,Armon Binns,WR,75,209,4.5,31.5,13,118,6.86,4.31,0,0
36,Arnaz Battle,WR,73,217,4.58,35,21.70000076,117,6.74,4.06,113,0
37,Arnold Jackson,WR,68,167,4.48,41,21.70000076,127,7.42,4.11,32,0
38,Arturo Freeman,FS,72,188,4.5,35.5,14,124,6.91,4.38,74,0
39,Asa Jackson,CB,70,191,4.48,34.5,19,118,6.97,4.03,26,0
40,Asante Samuel,CB,71,185,4.49,35.5,9,120,6.95,4.14,157,4
41,Asher Allen,CB,69,194,4.48,35,22,115,6.93,4.3,36,0
42,Atari Bigby,SS,71,214,4.57,35,19,112,7,4.1,72,0
43,Austin Collie,WR,73,200,4.53,34,17,120,6.78,4.24,49,0
44,Austin Pettis,WR,75,209,4.56,33.5,14,120,6.68,3.88,47,0
45,B.J. Cunningham,WR,73,211,4.52,31.5,12,116,7.1,4.400000095,0,0
46,B.J. Tucker,CB,70,188,4.34,35,16,123,7.25,4.2,0,0
47,Barry Church,SS,73,222,4.69,36,19,121,6.65,4.17,117,0
48,Bashir Yamini,WR,75,191,4.53,33,21.70000076,130,7.09,4.18,6,0
49,Ben Kelly,CB,69,183,4.53,36,17,116,6.63,3.95,13,0
50,Ben Obomanu,WR,73,205,4.45,38,21.70000076,116,7.17,4.21,0,0
51,Bernard Berrian,WR,73,183,4.58,38,21.70000076,128,7.34,4.18,109,0
52,Bhawoh Jue,CB,72,199,4.54,34.5,21.70000076,113,7.21,4.27,79,0
53,Bill Bentley,CB,70,182,4.42,31.5,13,114,6.99,4.5,20,0
54,Blair White,WR,74,209,4.49,33.5,18,115,6.69,4.03,20,0
55,Bob Sanders,SS,68,204,4.35,41.5,15,128,6.7,3.91,50,2
56,Bobby Myers,FS,73,183,4.56,37.5,21.70000076,123,7.04,4.1,17,0
57,Bobby Sippio,CB,75,214,4.69,37,12,123,6.78,4.2,0,0
58,Bobby Wade,WR,70,193,4.66,34.5,21.70000076,115,7.01,4.11,102,0
59,Brad Smith,WR,74,213,4.46,39.5,21.70000076,128,7,4.33,0,0
60,Bradley Fletcher,CB,72,196,4.44,38.5,20,122,7.04,4.29,73,0
61,Brandon Banks,WR,67,149,4.37,31,21.70000076,113,6.88,4.29,41,0
62,Brandon Browner,CB,75,221,4.63,36.5,13,123,7.2,4.24,0,0
63,Brandon Burton,CB,72,190,4.5,32,18,118,6.93,4.07,19,0
64,Brandon Ghee,CB,72,192,4.37,37,15,127,6.75,4.07,29,0
65,Brandon Harris,CB,69,191,4.46,35.5,13,113,6.77,4.12,42,0
66,Brandon Hughes,CB,70,182,4.4,36.5,8,128,6.9,4.23,0,0
67,Brandon Jennings,FS,72,198,4.51,38,16,123,6.91,4.14,20,0
68,Brandon Jones,WR,73,210,4.42,37,21.70000076,114,7.03,4.08,59,0
69,Brandon LaFell,WR,74,211,4.58,36,21.70000076,115,6.81,4.23,125,0
70,Brandon McDonald,CB,71,181,4.58,33,17,118,7.44,4.76,80,0
71,Brandon Meriweather,FS,71,195,4.47,35,11,111,7.06,4.33,112,2
72,Brandon Taylor,SS,71,209,4.52,33.5,21.70000076,118,7.32,4.37,4,0
73,Brandon Underwood,FS,73,198,4.48,36.5,16,125,7,4.2,23,0
74,Brandyn Thompson,CB,69,189,4.5,33.5,13,114,6.66,4.12,6,0
75,Brian Hartline,WR,74,195,4.49,34.5,21.70000076,120,6.65,4.12,104,0
76,Brian Jackson,CB,73,202,4.65,35.5,20,120,6.76,4.22,13,0
77,Brian Quick,WR,75,220,4.5,34,15,119,7.1,4.23,84,0
78,Brock Williams,CB,70,183,4.46,42.5,11,130,6.7,4.21,0,0
79,Bruce Branch,CB,70,192,4.53,35,21.70000076,119,7.12,4.47,1,0
80,Bruce Johnson,CB,69,170,4.42,34.5,6,125,6.71,4.05,22,0
81,Bryant McFadden,CB,72,193,4.44,38.5,23,130,7.300000191,4.04,96,0
82,Buster Skrine,CB,69,186,4.37,37,20,122,6.44,3.9,158,0
83,C.J. Spillman,FS,72,197,4.45,41.5,21.70000076,122,7.05,4.33,85,0
84,Calvin Lowry,SS,71,200,4.54,36,15,120,7.16,4.2,43,0
85,Captain Munnerlyn,CB,68,182,4.41,37.5,19,121,7.15,4.2,154,0
86,Carey Scott,CB,71,208,4.65,30,21.70000076,113,7.52,4.18,0,0
87,Carlos Francis,WR,69,198,4.33,38.5,21.70000076,114,6.97,4.06,5,0
88,Carlos Rogers,CB,72,196,4.44,40.5,15,126,6.48,3.82,133,1
89,Carlton Mitchell,WR,75,215,4.46,36,16,122,6.96,4.55,16,0
90,Casey Hayward,CB,71,192,4.47,34,19,119,6.76,3.9,152,2
91,Cecil Shorts,WR,72,205,4.5,34.5,21,114,6.5,4.07,70,0
92,Cedric Griffin,FS,72,199,4.51,35.5,17,125,6.84,4.1,89,0
93,Chad Jackson,WR,73,213,4.32,38.5,21.70000076,122,6.73,3.97,18,0
94,Chad Johnson,WR,73,192,4.57,33,21.70000076,108,7.51,4.14,166,6
95,Chad Nkang,SS,71,220,4.52,36.5,23,118,7.1,4.34,23,0
96,Chad Owens,WR,67,183,4.62,37,21.70000076,116,6.7,3.94,6,0
97,Chad Williams,SS,69,207,4.58,36.5,20,121,6.96,4.400000095,79,0
98,Chansi Stuckey,WR,71,197,4.56,35,21.70000076,120,6.91,4.14,0,0
99,Charles Godfrey,CB,72,207,4.43,32.5,14,121,7.28,4.4,95,0
100,Charles Gordon,CB,70,183,4.6,35.5,12,115,6.95,4.2,33,0
101,Charles Lee,WR,73,202,4.56,35.5,21.70000076,125,7.3,4.25,44,0
102,Charles Mitchell,SS,71,202,4.56,37,19,127,6.93,4.22,10,0
103,Charles Tillman,CB,73,207,4.49,40,12,131,7.05,3.89,168,2
104,Charlie Peprah,SS,71,206,4.66,37.5,15,119,6.81,4.09,74,0
105,Chaz Powell,CB,72,203,4.42,33,17,121,6.84,4.16,0,0
106,Chevis Jackson,CB,72,192,4.52,36,13,125,6.96,4.15,33,0
107,Chip Vaughn,SS,73,221,4.42,37,21,125,7.03,4.12,0,0
108,Chris Cole,WR,72,191,4.37,37.5,21.70000076,125,6.76,4.09,35,0
109,Chris Coleman,WR,72,211,4.61,32.5,21.70000076,110,6.79,4.1,29,0
110,Chris Conte,FS,74,197,4.52,35.5,18,127,7.01,4.19,104,0
111,Chris Cook,CB,74,212,4.45,38,7,132,6.88,4.23,40,0
112,Chris Culliver,CB,72,199,4.36,38.5,21.70000076,123,6.88,4.08,52,0
113,Chris Givens,WR,71,198,4.35,33.5,19,118,6.97,4.23,60,0
114,Chris Horton,SS,72,212,4.54,28.5,14,109,7.34,4.35,29,0
115,Chris Houston,CB,70,185,4.32,36,27,122,6.94,4.12,99,0
116,Chris McKenzie,CB,68,185,4.32,45,6,136,6.9,4.32,3,0
117,Chris Owens,CB,70,181,4.44,34.5,14,110,6.93,4.16,87,0
118,Chris Owusu,WR,72,196,4.36,40.5,19,129,6.85,4.11,25,0
119,Christian Thompson,FS,72,211,4.42,31.5,18,122,7.33,4.13,7,0
120,Chykie Brown,CB,71,190,4.49,36.5,21.70000076,120,6.5,4,59,0
121,Clarence Moore,WR,78,211,4.55,34,21.70000076,122,6.84,4.16,29,0
122,Cliff Harris,CB,71,175,4.61,36,14,118,6.79,4.19,0,0
123,Cody Grimm,SS,71,203,4.55,35.5,11,117,6.58,4.400000095,23,0
124,Corey White,SS,71,206,4.53,37.5,15,126,6.72,4.22,66,0
125,Cornelius Brown,CB,71,198,4.59,31.5,11,118,6.87,4.24,10,0
126,Cortez Allen,CB,73,197,4.5,35.5,18,129,6.76,4.01,56,0
127,Coty Sensabaugh,CB,71,189,4.33,37,15,122,6.6,4.06,107,0
128,Courtney Greene,SS,72,212,4.55,34.5,21,116,7.35,4.16,30,0
129,Courtney Roby,WR,72,189,4.41,36.5,21.70000076,126,6.6,3.94,92,0
130,Courtney Taylor,WR,74,204,4.5,36,21.70000076,122,7.22,4.28,18,0
131,Coy Wire,SS,72,209,4.56,38.5,28,120,6.62,3.87,127,0
132,Coye Francies,CB,72,185,4.63,36,24,123,6.81,4.24,23,0
133,Craig Dahl,SS,74,216,4.55,35,17,122,6.69,4.26,117,0
134,Crezdon Butler,CB,72,191,4.43,39.5,17,121,7.08,4.23,46,0
135,Curry Burns,SS,72,216,4.56,36,19,120,7.04,4.16,11,0
136,Curtis Brown,CB,72,185,4.51,39.5,10,128,6.59,4,34,0
137,Curtis DeLoatch,CB,74,214,4.5,35.5,10,120,6.97,4.42,45,0
138,Curtis Fuller,FS,70,186,4.45,36,18,114,7.2,4.21,42,0
139,Curtis Marsh,CB,72,197,4.42,37.5,12,123,6.87,4.07,26,0
140,Curtis Taylor,FS,74,209,4.49,37.5,13,129,7.25,4.23,13,0
141,Cyhl Quarles,SS,73,213,4.54,32.5,19,119,7.21,4.32,0,0
142,D'Juan Woods,WR,72,208,4.58,36.5,21.70000076,120,6.89,4.34,0,0
143,D.J. Hackett,WR,74,199,4.53,41,21.70000076,131,6.79,4.08,0,0
144,D.J. Johnson,CB,73,197,4.5,32,7,116,7,4.3,17,0
145,Da'Norris Searcy,SS,71,223,4.55,33,27,120,6.87,4.09,109,0
146,DaJuan Morgan,FS,72,205,4.5,33,21,119,7.12,4.41,30,0
147,Dallas Baker,WR,75,208,4.53,36,21.70000076,129,6.69,4.19,0,0
148,Damen Wheeler,CB,69,179,4.51,35,11,115,7.21,4.27,0,0
149,Damian Williams,WR,73,197,4.52,38,19,118,6.79,4.24,57,0
150,Dane Sanzenbacher,WR,71,182,4.56,33.5,21.70000076,118,6.46,3.97,41,0
151,Danieal Manning,CB,71,202,4.48,39,17,123,7.23,4.07,128,0
152,Daniel Bullocks,SS,72,212,4.38,38,18,124,6.91,4.16,31,0
153,Danny Amendola,WR,70,183,4.58,27.5,13,103,6.81,4.25,0,0
154,Danny Coale,WR,72,201,4.42,35,12,115,6.69,4.15,0,0
155,Dante Hughes,CB,70,190,4.56,28.5,16,114,7.28,4.43,53,0
156,Dante Wesley,CB,73,211,4.43,35,15,116,7.25,4.22,107,0
157,Darcel McBath,FS,72,198,4.53,38,14,119,6.8,4.16,37,0
158,Daren Stone,SS,75,218,4.58,39,13,132,7.13,4.44,20,0
159,Darian Stewart,SS,71,213,4.53,37,12,122,7.300000191,4.32,143,1
160,Darius Butler,CB,70,183,4.41,43,21.70000076,134,6.92,4.18,124,0
161,Darius Reynaud,WR,69,201,4.48,34.5,20,130,6.88,4.32,48,0
162,Darnell Bing,SS,74,227,4.53,34,17,120,7.25,4.07,0,0
163,Darnell Jenkins,WR,69,187,4.52,26.5,13,115,7.33,4.37,1,0
164,Darrell Hunter,CB,72,206,4.44,36,8,123,7.300000191,4.11,3,0
165,Darrent Williams,CB,69,176,4.3,39,16,124,6.97,3.96,27,0
166,Darrick Vaughn,CB,71,196,4.53,36.5,14,121,7.09,4.16,48,0
167,Darrius Heyward-Bey,WR,74,210,4.3,38.5,16,126,6.8,4.18,144,0
168,Dashon Goldson,FS,74,205,4.6,34.5,12,115,7.37,4.46,127,2
169,Daven Holly,CB,70,192,4.39,39,15,115,7.16,4.08,32,0
170,David Anderson,WR,70,192,4.57,34,21.70000076,116,6.88,4.2,51,0
171,David Barrett,CB,70,199,4.44,37.5,16,116,6.81,4.04,131,0
172,David Bruton,FS,74,219,4.4,41.5,19,132,6.6,4.28,108,0
173,David Clowney,WR,72,188,4.36,32.5,21.70000076,123,7,4.15,0,0
174,David Gettis,WR,75,217,4.43,34.5,15,124,6.94,4.41,17,0
175,David Givens,WR,72,217,4.56,40.5,21.70000076,126,6.82,4.13,58,0
176,David Irons,CB,70,190,4.44,29.5,11,111,7.18,4.3,20,0
177,David Macklin,CB,69,194,4.54,37.5,21.70000076,120,6.9,4.09,120,0
178,David Pittman,CB,71,182,4.44,36,14,128,7.300000191,4.23,0,0
179,David Reed,WR,72,191,4.56,37,15,114,6.95,4.38,36,0
180,David Roach,FS,72,210,4.53,38,16,123,6.88,4.15,0,0
181,David Sims,SS,69,200,4.5,37.5,24,120,7.300000191,4.28,0,0
182,Davon House,CB,72,200,4.44,33.5,14,109,6.65,4.12,87,0
183,Davone Bess,WR,70,194,4.64,31.5,12,118,6.97,4.27,91,0
184,Dawan Landry,SS,73,220,4.64,37.5,18,124,7.300000191,4.27,130,0
185,DeAndre Wright,CB,71,198,4.52,34.5,17,122,7,4.44,0,0
186,DeAngelo Smith,CB,71,194,4.5,31.5,17,109,7.27,4.35,7,0
187,DeJuan Groce,CB,70,192,4.49,36,18,118,6.82,4,54,0
188,DeVier Posey,WR,74,211,4.39,36.5,14,123,7.03,4.15,26,0
189,Deion Branch,WR,69,191,4.47,36,21.70000076,117,6.71,3.78,140,0
190,Delano Howell,SS,71,210,4.61,33,21,120,6.97,4.15,12,0
191,Demarcus Faggins,CB,70,178,4.57,36.5,3,121,6.64,3.92,84,0
192,Demarcus Van Dyke,CB,73,176,4.28,33.5,5,121,6.97,4.09,0,0
193,Demetrius Williams,WR,74,197,4.52,38,21.70000076,127,6.84,4.08,46,0
194,Denarius Moore,WR,72,194,4.43,36,13,118,6.78,4.15,57,0
195,Dennis Northcutt,WR,70,175,4.43,37.5,21.70000076,123,6.96,4.04,144,0
196,Dennis Weathersby,CB,73,204,4.38,38,9,125,7.14,4.13,4,0
197,Deon Butler,WR,70,182,4.31,34.5,12,118,7.01,4.48,35,0
198,Derek Moye,WR,76,209,4.46,33.5,10,115,7.300000191,4.23,0,0
199,Derek Pagel,FS,73,208,4.57,35.5,25,115,6.87,4.08,19,0
200,Derrick Martin,CB,70,202,4.5,40,17,127,6.72,3.95,73,0
201,Devin Aromashodu,WR,74,201,4.35,39,21.70000076,120,7.04,4.16,0,0
202,Devin McCourty,CB,71,193,4.38,36,16,126,6.7,4.07,197,2
203,Devin Thomas,WR,74,216,4.41,28,21.70000076,126,7.15,4.26,55,0
204,Dexter Jackson,WR,69,182,4.33,29.5,21.70000076,122,6.81,4.38,7,0
205,Dexter McCluster,WR,69,172,4.53,37.5,20,118,7.300000191,4.06,89,1
206,Dexter Wynn,CB,69,175,4.49,39,13,123,6.7,3.9,47,0
207,Dez White,WR,73,218,4.62,37.5,21.70000076,124,6.91,4.09,82,0
208,Dezmon Briscoe,WR,74,207,4.66,33,9,115,7.1,4.57,25,0
209,Diamond Ferri,SS,70,223,4.59,35.5,20,111,7.15,4.14,0,0
210,Dominique Barber,FS,72,210,4.68,34,23,117,7.08,4.34,39,0
211,Dominique Franks,CB,71,194,4.46,33.5,10,117,7.32,4.33,52,0
212,Dominique Rodgers-Cromartie,CB,73,184,4.29,38.5,17,131,6.74,4.17,162,2
213,Domonique Foxworth,CB,71,184,4.34,41,14,125,6.78,3.89,78,0
214,Donald Jones,WR,72,214,4.46,41,20,119,6.9,4.2,35,0
215,Donald Strickland,CB,70,187,4.53,35.5,16,121,6.98,4.04,89,0
216,Donald Washington,CB,72,197,4.5,45,9,135,6.84,4.2,32,0
217,Donnie Nickey,FS,74,220,4.65,33.5,17,119,7.08,4.16,123,0
218,Doug Gabriel,WR,74,213,4.52,35.5,21.70000076,116,7.05,4.16,57,0
219,Duke Ihenacho,SS,72,213,4.67,35,20,122,6.78,4.22,36,0
220,Dunta Robinson,CB,71,186,4.34,36,15,120,6.97,3.75,139,0
221,Dwayne Bowe,WR,74,221,4.51,33,21.70000076,125,6.81,4.35,125,1
222,Dwayne Harris,WR,70,203,4.53,34,10,111,6.77,4.21,109,1
223,Dwight Lowery,CB,71,201,4.54,33.5,16,116,7.31,4.38,116,0
224,Earl Bennett,WR,71,209,4.48,26,15,110,7.15,4.22,78,0
225,Eddie Berlin,WR,71,191,4.43,39.5,21.70000076,122,6.78,4.08,62,0
226,Eddie Pleasant,SS,70,211,4.53,33.5,22,116,7.12,4.28,84,0
227,Eddie Royal,WR,70,184,4.39,36,24,124,7.07,4.34,116,0
228,Ellis Hobbs,CB,69,192,4.45,42,12,124,6.8,4.07,79,0
229,Emmanuel Sanders,WR,71,186,4.4,39.5,12,126,6.64,4.1,172,2
230,Eric Berry,FS,72,211,4.4,43,19,130,6.8,4.23,89,5
231,Eric Frampton,SS,71,204,4.61,34.5,10,122,6.84,4.17,91,0
232,Eric Hagg,FS,73,209,4.62,34.5,18,121,6.73,4.19,22,0
233,Eric Johnson,SS,72,215,4.6,38,12,121,6.96,4.17,74,0
234,Eric Joyce,CB,69,192,4.53,40.5,11,115,6.81,3.97,3,0
235,Eric Kelly,CB,70,199,4.46,36,15,120,7.24,4.18,48,0
236,Eric Page,WR,69,186,4.5,30,15,112,6.95,3.98,0,0
237,Eric Smith,SS,73,209,4.63,40,21,127,6.89,4.1,96,0
238,Eric Weddle,SS,71,203,4.48,33.5,11,113,6.78,4.12,201,6
239,Eric Wright,CB,71,192,4.36,36.5,16,123,6.93,4.23,92,0
240,Erik Coleman,FS,70,200,4.64,35.5,16,117,7.03,4.14,123,0
241,Erik Olson,SS,73,208,4.63,35,17,115,6.81,4.21,14,0
242,Etric Pruitt,FS,72,197,4.57,39.5,21.70000076,116,7.15,4,9,0
243,Eugene Wilson,CB,70,192,4.48,38,15,122,7.18,4.05,96,0
244,Fabian Washington,CB,70,188,4.29,41.5,18,129,7.300000191,3.91,81,0
245,Fred Bennett,CB,73,196,4.46,38.5,17,125,6.67,4.3,49,0
246,Freddie Mitchell,WR,71,185,4.46,39.5,21.70000076,120,6.95,4.06,63,0
247,Gary Baxter,CB,74,204,4.53,37.5,21.70000076,122,7.39,4.21,62,0
248,George Iloka,FS,76,225,4.6,34.5,20,124,7.03,4.03,103,0
249,George Wilson,WR,72,213,4.63,35,21.70000076,120,7.07,3.98,0,0
250,Gerald Alexander,FS,72,210,4.51,41,15,124,7.24,4.21,44,0
251,Gerome Sapp,SS,72,216,4.64,36.5,21.70000076,112,7.13,4.3,67,0
252,Glover Quin,FS,71,204,4.5,38,22,119,7.39,4.43,159,1
253,Golden Tate,WR,70,199,4.42,35,17,120,7.12,4.34,160,1
254,Greg Jennings,WR,71,197,4.42,36.5,21.70000076,117,6.68,4.16,143,2
255,Greg Little,WR,74,231,4.51,40.5,27,129,6.8,4.21,54,0
256,Greg Orton,WR,75,207,4.61,38,22,125,6.9,4.33,0,0
257,Greg Salas,WR,73,210,4.53,37,15,120,6.65,4.1,29,0
258,Hanik Milligan,FS,74,201,4.52,36.5,9,130,7.11,4.18,0,0
259,Hank Baskett,WR,75,224,4.5,35,21.70000076,119,6.79,4.17,67,0
260,Hank Poteat,CB,70,197,4.57,37,16,126,6.66,4,110,0
261,Harold Blackmon,CB,71,210,4.54,37,17,121,7.03,4.28,9,0
262,Harrison Smith,SS,74,213,4.54,34,19,122,6.63,4.12,153,6
263,Harry Douglas,WR,71,176,4.51,31,21.70000076,120,6.57,4.12,118,0
264,Herb Haygood,WR,71,193,4.45,33,21.70000076,114,6.65,4.26,4,0
265,Husain Abdullah,FS,72,204,4.63,32.5,16,115,7.07,4.400000095,97,0
266,Idrees Bashir,FS,74,206,4.56,40,22,126,7.14,4.2,71,0
267,JaJuan Dawson,WR,73,199,4.55,34,21.70000076,117,6.96,4.16,30,0
268,Jack Brewer,FS,72,194,4.59,37,12,122,6.9,4.24,40,0
269,Jacoby Ford,WR,69,186,4.28,33.5,15,115,7,4.44,38,0
270,Jacoby Jones,WR,75,210,4.5,34,21.70000076,129,7.03,4.31,128,1
271,Jaiquawn Jarrett,FS,72,198,4.62,30,14,113,6.95,4.14,47,0
272,Jalil Brown,CB,73,204,4.52,35.5,24,116,6.85,4.25,47,0
273,Jamaica Rector,WR,70,186,4.47,36.5,21.70000076,122,6.78,4.13,0,0
274,Jamar Adams,SS,74,212,4.59,34,21.70000076,121,6.9,4.49,8,0
275,Jamar Newsome,WR,72,200,4.46,38.5,13,129,6.83,4.22,8,0
276,Jamarca Sanford,SS,70,214,4.43,33.5,29,116,7.02,4.2,95,0
277,Jamel Hamler,WR,73,193,4.59,32,4,112,7.16,4.18,0,0
278,Jamell Fleming,CB,71,206,4.43,34,23,125,6.71,3.97,46,0
279,James Boyd,SS,71,207,4.59,32.5,21.70000076,117,7.29,4.24,26,0
280,James Butler,FS,74,213,4.51,40.5,16,127,7.1,3.98,101,0
281,James Hardy,WR,77,217,4.45,31.5,18,125,6.84,4.2,16,0
282,James Jones,WR,73,207,4.54,34,22,119,7.06,4.2,136,0
283,James Rodgers,WR,67,184,4.61,37,19,115,7.300000191,4.23,0,0
284,James Whitley,CB,70,193,4.73,39,9,118,7.04,4.4,0,0
285,James Williams,WR,71,180,4.59,36,21.70000076,123,7.22,4.16,48,1
286,James Williams,WR,71,180,4.59,36,21.70000076,123,7.22,4.16,30,0
287,Jamie Henderson,CB,73,202,4.48,40.5,10,125,6.9,4.12,32,0
288,Janoris Jenkins,CB,70,193,4.41,33.5,21.70000076,121,6.95,4.13,0,0
289,Jarett Dillard,WR,70,191,4.5,42.5,13,129,7.1,4.41,21,0
290,Jarius Wright,WR,70,182,4.39,38,11,120,6.93,4.03,111,0
291,Jarrad Page,SS,72,239,4.63,38,21.70000076,127,6.68,4.14,74,0
292,Jarrett Boykin,WR,74,217,4.62,36,11,123,7.12,4.28,39,0
293,Jarrod Cooper,SS,72,222,4.45,41.5,21.70000076,130,6.87,3.9,87,0
294,Jason Allen,FS,73,209,4.39,39.5,17,131,6.75,3.81,98,0
295,Jason Carter,WR,72,211,4.6,33,21.70000076,116,6.89,4.21,1,0
296,Jason Goss,CB,70,183,4.58,32.5,15,117,7.46,4.31,4,0
297,Jason Hill,WR,72,204,4.32,37,21.70000076,123,7.02,4.22,54,0
298,Jason McAddley,WR,73,203,4.47,36.5,21.70000076,123,6.83,4.09,34,0
299,Jason Webster,CB,69,180,4.42,35.5,17,122,6.76,3.98,90,0
300,Javin Hunter,WR,71,186,4.47,41,21.70000076,129,6.84,4.04,12,0
301,Javon Walker,WR,75,210,4.38,39.5,21.70000076,128,6.86,4.05,83,1
302,Jaymar Johnson,WR,71,177,4.5,32,14,118,6.75,4.18,0,0
303,Jeff Maehl,WR,73,190,4.56,33.5,21.70000076,115,6.42,3.94,27,0
304,Jeff Shoate,CB,70,189,4.62,36,12,121,7,3.88,14,0
305,Jerametrius Butler,CB,70,173,4.57,36,11,121,7.22,4.4,70,0
306,Jermaine Kearse,WR,73,209,4.5,34,14,119,7.03,4.12,99,0
307,Jermale Hines,SS,73,219,4.59,31,19,113.5999985,6.9,4.21,10,0
308,Jerome Carter,SS,71,220,4.47,35,21,121,7.18,4.04,33,0
309,Jerome Murphy,CB,72,196,4.5,38,16,127,6.87,4.05,33,0
310,Jerome Simpson,WR,74,199,4.42,37.5,21.70000076,136,7.08,4.52,63,0
311,Jerraud Powers,CB,69,188,4.43,36.5,15,122,7.09,4.08,100,0
312,Jerrel Jernigan,WR,69,185,4.46,37.5,11,124,7.07,4.25,34,0
313,Jerrell Jackson,WR,72,196,4.5,41,22,127,6.82,4.11,1,0
314,Jerricho Cotchery,WR,72,212,4.54,36,21.70000076,121,6.93,3.91,175,0
315,Jerron McMillian,SS,71,203,4.47,36.5,17,120,6.69,4.22,28,0
316,Jerron Wishom,CB,72,193,4.5,38,18,118,6.81,4.07,5,0
317,Jimmy Smith,CB,74,211,4.42,36,24,123,6.93,4.06,128,0
318,Joe Burnett,CB,69,192,4.58,35.5,22,118,6.68,4.25,15,0
319,Joe Haden,CB,71,193,4.52,35,18,125,6.94,4.34,158,3
320,Joe Lefeged,SS,72,210,4.42,36.5,18,122,6.82,4.13,36,0
321,Joey Thomas,CB,73,195,4.44,38.5,17,122,6.82,3.88,31,0
322,John Howell,FS,72,204,4.64,37,14,121,6.87,4.12,64,0
323,John Standeford,WR,75,197,4.6,32.5,21.70000076,113,6.9,4.08,0,0
324,John Wendling,FS,73,222,4.48,38.5,22,129,6.96,4.16,110,0
325,Johnathan Joseph,CB,71,193,4.31,37,15,123,6.92,4.23,211,2
326,Johnnie Lee Higgins,WR,71,186,4.48,36.5,21.70000076,122,6.62,4.32,60,0
327,Johnnie Morant,WR,76,229,4.51,41,21.70000076,130,7.34,4.22,15,0
328,Johnny Knox,WR,71,185,4.34,35,21.70000076,122,6.81,4.15,45,1
329,Johnny Patrick,CB,71,191,4.59,32,13,110,7.300000191,4.16,37,0
330,Jon Baldwin,WR,76,228,4.49,42,20,129,7.07,4.34,0,0
331,Jon McGraw,SS,75,208,4.5,39.5,13,126,6.51,3.92,122,0
332,Jonathan Holland,WR,72,191,4.45,35.5,15,120,7.12,4.4,0,0
333,Jonathan Wade,CB,70,195,4.36,40.5,21.70000076,126,7.07,4.4,61,0
334,Jordan Norwood,WR,71,179,4.58,38,21.70000076,119,6.8,4.2,42,0
335,Jordan White,WR,72,208,4.63,35,14,119,6.84,4.13,3,0
336,Jordy Nelson,WR,75,217,4.51,31,21.70000076,123,7.03,4.35,151,1
337,Josh Barrett,SS,74,223,4.34,31.5,17,121,7.07,4.27,25,0
338,Josh Bullocks,FS,72,209,4.46,37.5,21.70000076,118,7.09,4.08,90,0
339,Josh Gattis,FS,73,206,4.51,34.5,22,121,6.72,4.27,4,0
340,Josh Thomas,CB,70,191,4.46,38.5,13,126,6.99,4.15,51,0
341,Josh Wilson,CB,69,189,4.39,36.5,20,120,7.07,4.43,126,0
342,Joshua Moore,CB,71,188,4.5,36.5,2,122,6.74,4.07,3,0
343,Julio Jones,WR,75,220,4.34,38.5,17,135,6.66,4.25,150,7
344,Junior Hemingway,WR,73,225,4.48,35.5,21,124,6.59,3.98,31,0
345,Juron Criner,WR,74,224,4.66,38,17,117,7.15,4.3,13,0
346,Justin Bethel,FS,72,200,4.52,39.5,19,131,6.79,4.3,169,3
347,Justin Harper,WR,75,213,4.56,28.5,21.70000076,120,7.03,4.43,0,0
348,Justin Jenkins,WR,71,213,4.6,35,21.70000076,123,7.47,4.16,0,0
349,Justin King,CB,71,192,4.31,34,14,127,7.14,4.31,0,0
350,Justin McCareins,WR,74,209,4.51,41,21.70000076,129,7.06,3.99,114,0
351,Justin Rogers,CB,70,180,4.45,33,14,114,7.21,4.2,39,0
352,Justin Tryon,CB,69,190,4.42,32.5,21,119,7.41,4.28,63,0
353,Kam Chancellor,FS,75,231,4.62,32,22,116,7.36,4.41,109,4
354,Kareem Jackson,CB,70,196,4.4,37.5,13,118,6.92,4.14,185,0
355,Karl Paymah,CB,72,204,4.35,41.5,15,125,7.09,3.91,74,0
356,Kashif Moore,WR,69,180,4.36,43.5,19,126,6.82,4.05,0,0
357,Kassim Osgood,WR,77,208,4.68,31,21.70000076,122,7.19,4.44,179,3
358,Keenan Burton,WR,72,201,4.44,38.5,10,125,6.77,4.2,22,0
359,Keenan Howry,WR,70,178,4.56,31.5,21.70000076,114,7.34,4.28,23,0
360,Keith Lewis,FS,72,204,4.6,37,11,121,7.28,4.07,76,0
361,Kelcie McCray,SS,74,202,4.48,30.5,12,122,7,4.29,0,0
362,Kelvin Hayden,CB,70,197,4.45,34,17,111,6.87,3.9,101,0
363,Kelvin Kight,WR,72,213,4.56,34,21.70000076,109,7.18,4.24,5,0
364,Ken Hamlin,FS,74,209,4.61,33,16,117,6.8,3.92,107,1
365,Kendall Newson,WR,74,200,4.69,33.5,21.70000076,117,6.87,4.27,0,0
366,Kendall Wright,WR,70,196,4.49,38.5,21.70000076,121,6.93,4.18,82,0
367,Kendrick Lewis,FS,72,198,4.73,31.5,16,116,6.88,4.33,103,0
368,Kendrick Starling,WR,73,193,4.49,31.5,21.70000076,119,6.88,3.87,8,0
369,Kenneth Moore,WR,71,195,4.47,28,21.70000076,120,7.09,4.3,0,0
370,Kenny Britt,WR,75,218,4.47,37,23,124,7.300000191,4.47,116,0
371,Kenny McKinley,WR,72,189,4.37,37,21.70000076,113,6.96,4.1,8,0
372,Kenny Phillips,FS,74,212,4.48,32.5,19,121,6.97,4.27,59,0
373,Kenoy Kennedy,FS,73,221,4.71,33.5,8,113,7.08,4.38,115,0
374,Kerry Meier,WR,74,224,4.62,35,13,115,7.300000191,4.23,0,0
375,Kerry Rhodes,FS,74,209,4.56,42,12,123,6.94,4.12,118,0
376,Keshawn Martin,WR,71,188,4.42,39.5,13,122,6.85,4.13,58,0
377,Kevin Barnes,CB,72,187,4.45,38.5,21.70000076,128,6.72,3.96,31,0
378,Kevin Garrett,CB,69,194,4.32,35,21.70000076,129,6.9,3.96,24,0
379,Kevin Kasper,WR,72,199,4.42,43.5,21.70000076,126,6.56,3.73,39,0
380,Kevin Ogletree,WR,72,196,4.36,36,21.70000076,122,6.67,4.08,69,0
381,Kevin Payne,FS,72,220,4.6,35,20,106,7,4.3,32,0
382,Kevin Robinson,WR,71,202,4.69,27.5,21.70000076,115,7.31,4.77,8,0
383,Kevin Rutland,CB,72,190,4.58,35.5,12,118,6.92,4.15,27,0
384,Ko Simpson,FS,73,209,4.45,40.5,11,122,7.09,4.17,41,0
385,Kris Richard,CB,71,186,4.47,39.5,10,120,7.300000191,4.15,39,0
386,Kyle McCarthy,SS,72,205,4.58,34,24,117,6.74,4.13,12,0
387,Kyle Williams,WR,70,188,4.4,33,11,118,7,4.19,39,0
388,LaTarence Dunbar,WR,71,196,4.52,34,21.70000076,122,7.41,4.35,5,0
389,LaVar Glover,CB,69,177,4.59,37,11,117,7.18,4.29,2,0
390,Lamont Reid,CB,71,195,4.53,40.5,15,124,7.18,4.28,10,0
391,Lardarius Webb,CB,70,179,4.35,36.5,15,121,6.77,4.1,127,0
392,Larry Asante,SS,72,212,4.62,37.5,14,118,7,4.17,39,0
393,Larry Foster,WR,70,198,4.55,37,21.70000076,121,6.88,4.06,37,0
394,Laurent Robinson,WR,74,199,4.38,39,19,127,6.83,4.28,59,0
395,Laveranues Coles,WR,71,192,4.41,34,21.70000076,115,6.89,4.39,153,1
396,Lee Mays,WR,73,190,4.55,32.5,21.70000076,119,7.08,4.17,49,0
397,Lendy Holmes,FS,72,206,4.65,32,16,112,7.28,4.32,8,0
398,Leodis McKelvin,CB,70,190,4.38,33.5,17,121,7.06,4.1,111,0
399,Leon Hall,CB,71,193,4.39,37.5,15,125,6.5,4.07,152,0
400,Leonard Hankerson,WR,73,209,4.4,36,14,117,6.94,4.21,41,0
401,Leonard Johnson,CB,70,196,4.62,32,15,120,6.96,4.15,83,0
402,Leonard Myers,CB,70,190,4.65,37,13,120,7.21,4.16,17,0
403,Leron McCoy,WR,73,211,4.4,37,21.70000076,120,7.19,4.21,0,0
404,Lestar Jean,WR,75,215,4.61,37.5,14,113,7.45,4.43,0,0
405,Ligarius Jennings,CB,69,202,4.67,34,11,120,7.07,4.03,18,0
406,Lloyd Harrison,CB,70,190,4.5,37.5,16,119,7.12,4.25,16,0
407,Louis Delmas,FS,71,202,4.52,37,12,126,6.67,4.17,78,0
408,Lydell Sargeant,CB,69,190,4.48,35,15,117,7,4.21,0,0
409,Macho Harris,CB,71,198,4.46,33.5,21.70000076,118,6.68,3.98,0,0
410,Major Wright,FS,71,206,4.44,37.5,14,119,6.95,4.36,77,0
411,Malcolm Jenkins,CB,72,204,4.51,33,15,124,6.59,4.08,199,3
412,Marcus Easley,WR,75,210,4.39,34,16,123,6.94,4.6,0,0
413,Marcus Gilchrist,CB,70,195,4.45,38.5,26,119,6.81,4.12,128,0
414,Marcus Henry,WR,76,207,4.55,31.5,21.70000076,126,7.08,4.3,0,0
415,Marcus Knight,WR,73,180,4.72,28.5,21.70000076,106,7.11,4.38,0,0
416,Marcus McCauley,CB,73,203,4.39,36,17,129,6.61,4.17,27,0
417,Marcus Monk,WR,76,222,4.56,34.5,9,119,7.08,4.3,0,0
418,Marcus Paschal,FS,72,201,4.59,33,15,113.5999985,7.31,4.72,5,0
419,Marcus Trufant,CB,71,199,4.38,39,11,127,6.87,4.32,136,1
420,Mardy Gilyard,WR,72,187,4.61,39,21.70000076,116,6.92,4.4,19,0
421,Mareno Philyaw,WR,74,205,4.66,39.5,21.70000076,129,6.93,4.13,1,0
422,Mario Butler,CB,72,182,4.65,30.5,21.70000076,120,7.09,4.37,0,0
423,Mario Manningham,WR,72,181,4.59,32,16,117,7.34,4.27,67,0
424,Mario Urrutia,WR,77,232,4.59,30,16,115,7.07,4.44,0,0
425,Mark Bradley,WR,73,201,4.37,39.5,21.70000076,128,6.96,3.98,57,0
426,Mark Clayton,WR,70,193,4.41,36.5,21.70000076,118,6.95,4.07,83,0
427,Mark LeGree,FS,71,210,4.49,31,21,116,6.9,4.09,0,0
428,Marko Mitchell,WR,76,218,4.43,32,9,116,7.04,4.33,10,0
429,Markus Curry,CB,71,181,4.59,35,12,117,7.04,3.89,0,0
430,Marlin Jackson,CB,73,198,4.52,36,23,125,6.95,3.96,56,0
431,Marlon McCree,SS,71,197,4.62,38,10,117,7.36,4.1,114,0
432,Marques Colston,WR,77,224,4.5,37,16,123,6.94,4.43,146,0
433,Marquis Weeks,SS,70,216,4.56,36.5,23,120,7.46,3.89,0,0
434,Marshay Green,CB,69,180,4.52,35.5,21.70000076,124,6.66,4.11,0,0
435,Martin Nance,WR,76,213,4.55,33.5,21.70000076,112,6.91,4.08,1,0
436,Marviel Underwood,FS,70,205,4.45,38,19,118,7.12,4.21,16,0
437,Marvin Jones,WR,74,199,4.46,33,22,112,6.81,4.11,138,0
438,Marvin McNutt,WR,75,216,4.48,37,21.70000076,122,7.15,4.07,5,0
439,Matt Bowen,SS,73,201,4.49,33,12,115,7.06,4.09,77,0
440,Matt Grootegoed,SS,71,218,4.76,31.5,22,111,7.17,4.26,3,0
441,Maurice Purify,WR,75,224,4.5,28.5,21.70000076,117,6.95,4.29,0,0
442,Maurice Stovall,WR,76,217,4.57,35,21.70000076,122,6.81,4.14,81,0
443,Mel Mitchell,FS,73,220,4.55,35,15,128,7,4.15,54,0
444,Michael Clayton,WR,75,209,4.67,32.5,21.70000076,116,6.77,4.09,95,0
445,Michael Coe,CB,73,190,4.53,35,17,122,6.78,4.31,38,0
446,Michael Griffin,SS,72,202,4.45,36,16,120,6.6,4.1,154,2
447,Michael Hamlin,SS,74,214,4.57,37.5,17,117,7.14,4.42,12,0
448,Michael Jameson,FS,71,186,4.5,34.5,9,118,7.13,4.2,0,0
449,Michael Lehan,CB,72,196,4.48,34.5,13,119,6.95,4.15,67,0
450,Michael Lewis,SS,73,211,4.6,36.5,16,122,6.96,4.14,128,1
451,Michael Waddell,CB,71,187,4.31,37.5,14,121,6.84,4.03,33,0
452,Mike Brown,SS,70,204,4.59,36,14,116,6.93,4.01,116,1
453,Mike Harris,CB,70,188,4.52,36,21.70000076,117,6.81,4.07,48,0
454,Mike Harris,CB,70,188,4.52,36,21.70000076,117,6.81,4.07,36,0
455,Mike Hass,WR,73,208,4.59,32,21.70000076,116,6.97,4.14,0,0
456,Mike Jenkins,CB,70,197,4.38,34,18,117,7.21,4.4,101,1
457,Mike Sims-Walker,WR,74,209,4.35,36.5,18,121,6.92,4.39,0,0
458,Mike Thomas,WR,68,195,4.3,40.5,21.70000076,126,6.65,4.28,61,0
459,Mike Wallace,WR,72,199,4.33,40,14,129,6.9,4.27,144,1
460,Miles Austin,WR,74,215,4.47,40.5,21,123,7.09,4.14,129,2
461,Mohamed Sanu,WR,73,211,4.62,36,19,126,6.88,4.22,136,0
462,Morgan Trent,CB,73,193,4.5,38,23,127,7.05,4.01,36,0
463,Morris Claiborne,CB,71,188,4.5,34.5,21.70000076,118,7.01,4.12,85,0
464,Nate Burleson,WR,72,197,4.51,42.5,21.70000076,126,6.96,4.16,135,0
465,Nate Poole,WR,73,198,4.79,32.5,21.70000076,112,7.26,4.22,0,0
466,Nate Salley,FS,74,216,4.63,40,14,123,6.79,4.15,24,0
467,Nick Collins,CB,71,206,4.36,40,11,118,6.94,4.16,95,3
468,Niles Paul,WR,73,224,4.45,34.5,24,117,6.9,4.14,58,0
469,Norman LeJeune,SS,72,200,4.65,33.5,11,115,7.42,4.21,0,0
470,O.J. Murdock,WR,70,197,4.5,34.5,15,116,7.300000191,4.37,0,0
471,Omare Lowe,CB,73,196,4.58,35.5,12,118,6.65,3.97,43,0
472,Onrea Jones,WR,71,202,4.42,39,21.70000076,121,7.05,4.28,0,0
473,Owen Spencer,WR,74,195,4.51,37.5,6,125,6.86,4.18,0,0
474,Patrick Peterson,CB,72,219,4.31,38,15,126,6.58,4.07,176,8
475,Patrick Robinson,CB,71,190,4.46,39,15,122,6.78,4.400000095,123,0
476,Paul Williams,WR,73,205,4.45,38.5,21.70000076,125,7.03,4.24,0,0
477,Pierre Garcon,WR,72,210,4.42,36.5,20,125,6.9,4.19,148,0
478,Preston Parker,WR,71,199,4.59,35,16,117,7.300000191,4.16,45,0
479,Prince Amukamara,CB,72,206,4.38,38,15,128,6.97,4.08,113,0
480,Quentin Harris,FS,72,216,4.61,36.5,14,120,7.59,4.34,60,0
481,Quentin McCord,WR,70,191,4.48,36.5,21.70000076,112,7.17,4.18,25,0
482,Quintin Williams,FS,71,207,4.6,37,21,122,7.28,4.09,6,0
483,Quinton Carter,FS,73,208,4.57,34.5,23,121,7.05,4.06,30,0
484,Rahim Moore,FS,72,202,4.58,35,11,115,6.98,3.96,64,0
485,Ramses Barden,WR,78,229,4.51,33.5,17,118,7.300000191,4.26,29,0
486,Randall Cobb,WR,70,191,4.46,33.5,16,115,7.08,4.34,148,1
487,Rashad Baker,FS,70,204,4.5,36,21,117,7.19,4.12,52,0
488,Rashad Holman,CB,71,186,4.58,42,6,129,7.09,3.85,46,0
489,Rashad Johnson,FS,71,203,4.49,37,15,120,7.09,4.23,114,0
490,Rashad Washington,FS,74,223,4.61,34,14,116,7.06,4.02,47,0
491,Rashard Anderson,CB,74,206,4.55,34,21.70000076,123,7.18,4.15,27,0
492,Rashaun Woods,WR,74,202,4.47,39,21.70000076,125,6.93,3.97,14,0
493,Rasheed Marshall,WR,72,185,4.51,38,21.70000076,121,6.81,3.95,12,0
494,Rashidi Barnes,FS,72,208,4.62,35,10,114,6.92,4.32,14,0
495,Reche Caldwell,WR,72,194,4.53,41.5,21.70000076,130,7,4.1,71,0
496,Reed Doughty,FS,72,209,4.65,37,15,121,6.66,4.17,107,0
497,Reggie Austin,CB,69,175,4.44,35,17,119,7.03,4.14,0,0
498,Reggie Brown,WR,74,196,4.45,41.5,21.70000076,128,6.99,3.94,72,0
499,Renaldo Hill,CB,71,178,4.68,35.5,10,116,7.07,4.18,141,0
500,Renard Cox,CB,71,192,4.68,38,13,111,7.1,4.400000095,0,0
501,Reno Mahe,WR,69,198,4.68,32,21.70000076,109,7.27,4.23,55,0
502,Reshad Jones,SS,73,214,4.51,39.5,24,118,7.43,4.54,128,2
503,Ricardo Lockette,WR,74,211,4.34,35.5,21.70000076,127,7.15,4.19,34,0
504,Rich Gardner,CB,71,199,4.46,36.5,11,123,6.91,3.91,28,0
505,Richard Marshall,CB,71,189,4.42,37,12,129,6.65,4.16,124,0
506,Richard Sherman,CB,75,195,4.54,38,16,125,6.82,4.33,144,5
507,Ricky Manning,CB,69,185,4.52,36.5,12,117,7.11,4.17,84,0
508,Rishard Matthews,WR,72,217,4.54,36,20,113.5999985,6.88,4.19,71,0
509,Robert Bean,CB,71,178,4.5,34.5,21.70000076,122,6.87,4.2,32,0
510,Robert Blanton,CB,73,208,4.66,34,12,116,6.71,3.97,72,0
511,Robert Carswell,FS,72,214,4.59,34,21,106,7.14,4.18,18,0
512,Robert Ferguson,WR,73,205,4.48,36.5,21.70000076,120,7.24,4.07,83,0
513,Robert Meachem,WR,74,214,4.39,37.5,21.70000076,121,6.97,4.31,0,0
514,Robert Sands,FS,76,217,4.53,35,12,124,7.03,4.06,1,0
515,Roc Alexander,CB,71,185,4.35,39.5,21.70000076,125,6.97,4.23,27,0
516,Roc Carmichael,CB,70,192,4.41,31,13,116,6.69,4.06,0,0
517,Rogers Beckett,FS,73,207,4.62,39.5,15,119,6.48,4.29,71,0
518,Ron Johnson,WR,74,225,4.7,34.5,21.70000076,118,7.12,4.02,22,0
519,Ronald Bellamy,WR,72,208,4.57,30.5,21.70000076,119,7.38,4.1,0,0
520,Rueben Randle,WR,75,210,4.55,31,15,121,6.99,4.36,64,0
521,Rufus Brown,CB,69,187,4.43,33,15,124,7.24,4.44,1,0
522,Ryan Krause,WR,74,244,4.6,33.5,18,119,6.78,4.16,0,0
523,Ryan Steed,CB,70,195,4.64,34,12,121,6.94,4.22,0,0
524,Ryan Whalen,WR,73,202,4.53,38.5,18,123,6.67,4.09,17,0
525,Ryne Robinson,WR,69,179,4.47,35,21.70000076,123,6.71,4.21,16,0
526,Sabby Piscitelli,SS,75,224,4.47,34.5,19,122,6.84,3.9,66,0
527,Sammie Stroughter,WR,69,189,4.45,30,13,110,7.03,4.28,33,0
528,Sammy Davis,CB,72,186,4.42,40,19,131,7.01,4.400000095,71,0
529,Scott Starks,CB,68,172,4.37,43,13,137,6.99,3.9,54,0
530,Scottie Montgomery,WR,72,196,4.57,36,21.70000076,117,7.16,4.11,27,0
531,Sean Cattouse,SS,74,211,4.74,34,21.70000076,114,6.99,4.15,2,0
532,Sean Considine,FS,72,212,4.5,37,19,117,7.09,3.92,99,0
533,Sean Richardson,SS,74,216,4.43,38.5,22,128,7.01,4.44,30,0
534,Sean Smith,CB,75,214,4.47,34,10,119,6.92,4.15,137,0
535,Seyi Ajirotutu,WR,75,204,4.6,36,14,115,7.22,4.39,70,0
536,Shane Walton,CB,71,184,4.67,31,11,109,7.05,4.29,4,0
537,Shaunard Harts,SS,72,200,4.56,34.5,12,119,7.14,4.400000095,51,0
538,Sheldon Brown,CB,70,196,4.47,36.5,15,120,7,4.24,175,0
539,Sherrod Martin,CB,73,198,4.43,36,12,123,6.6,3.98,84,0
540,Shiloh Keo,SS,71,219,4.74,32.5,24,110,6.55,3.9,56,0
541,Sidney Rice,WR,75,200,4.51,39.5,21.70000076,119,7.09,4.34,81,1
542,Simeon Castille,FS,72,195,4.63,31.5,21.70000076,119,7.07,4.36,9,0
543,Snoop Minnis,WR,73,171,4.57,37.5,21.70000076,115,7.06,4.07,15,0
544,Stanford Routt,CB,73,193,4.27,36.5,21.70000076,129,6.63,3.9,119,0
545,Stephen Burton,WR,73,221,4.5,34.5,19,117,7.04,4.31,19,0
546,Stephen Hill,WR,76,215,4.36,39.5,14,133,6.88,4.48,23,0
547,Stephen Williams,WR,76,210,4.5,36.5,15,125,6.81,4.11,19,0
548,Stephon Gilmore,CB,72,190,4.38,36,15,123,6.61,3.94,142,5
549,Steve Breaston,WR,72,193,4.46,33,21.70000076,124,6.9,4.29,86,0
550,Steve Neal,WR,73,190,4.59,36,21.70000076,119,7.18,4.19,0,0
551,Stuart Schweigert,FS,74,218,4.47,38,18,124,6.68,3.89,69,0
552,Syd'Quan Thompson,CB,69,186,4.75,33,21.70000076,117,6.73,4.26,13,0
553,Sylvester Morris,WR,75,216,4.6,34.5,21.70000076,119,7.06,4.17,15,0
554,T.J. Graham,WR,71,188,4.34,33.5,8,120,6.77,4.18,0,0
555,Taj Smith,WR,72,187,4.59,35,21.70000076,119,7.15,4.5,0,0
556,Talman Gardner,WR,73,205,4.44,34.5,21.70000076,116,7.54,4.43,21,0
557,Tanard Jackson,FS,72,200,4.52,32.5,12,121,6.89,4.28,56,0
558,Tank Williams,FS,74,222,4.46,38.5,19,125,6.78,3.93,70,0
559,Tarell Brown,CB,71,190,4.45,33.5,17,111,7,4.37,117,0
560,Taylor Price,WR,72,204,4.4,37,16,114,6.82,4.34,6,0
561,Terence Newman,CB,70,189,4.37,41,21.70000076,136,6.88,3.83,221,2
562,Terrance Copper,WR,72,208,4.53,35.5,21.70000076,116,7.34,4.31,125,0
563,Terreal Bierria,FS,75,216,4.61,36,18,130,6.93,4.1,29,0
564,Terrell Roberts,CB,69,203,4.63,34,18,117,7.12,4.26,23,0
565,Terrell Thomas,CB,72,202,4.45,30.5,14,123,7.18,4.400000095,60,0
566,Terrence Frederick,CB,70,187,4.44,35,16,121,6.59,4.03,5,0
567,Terrence Holt,FS,74,208,4.55,34.5,13,122,6.99,4.03,71,0
568,Terrence Kiel,SS,71,204,4.46,38,16,127,6.88,3.96,59,0
569,Terrence McGee,CB,70,201,4.57,37,15,126,6.88,4.09,122,1
570,Terrence Toliver,WR,75,212,4.52,32,21.70000076,122,6.48,4.03,0,0
571,Terrence Wheatley,CB,70,187,4.37,36.5,17,128,6.74,4.17,12,0
572,Thomas Davis,FS,73,230,4.6,36.5,21.70000076,115,7.09,3.97,199,3
573,Thomas DeCoud,FS,73,207,4.5,35.5,21.70000076,122,6.85,4.27,104,1
574,Tim Carter,WR,72,190,4.32,39,21.70000076,126,6.68,3.93,71,0
575,Tiquan Underwood,WR,73,184,4.31,41.5,7,129,6.62,4.11,45,0
576,Todd Johnson,FS,73,206,4.56,33.5,19,117,7.01,4.19,0,0
577,Todd Watkins,WR,74,202,4.4,36,15,118,7.13,4.24,0,0
578,Tommy Streeter,WR,77,219,4.37,33,17,125,7.08,4.400000095,0,0
579,Tony Bua,SS,71,209,4.67,36,15,120,6.75,4.08,7,0
580,Tony Dixon,SS,73,213,4.63,37,17,117,7.38,4.400000095,56,0
581,Tony Okanlawon,CB,70,185,4.67,38,16,118,7.37,4.39,0,0
582,Tony Scott,CB,70,193,4.5,34,11,116,7.45,4.24,23,0
583,Tori Gurley,WR,76,216,4.53,33.5,15,118,7.05,4.25,0,0
584,Torrey Smith,WR,73,204,4.41,41,19,126,6.72,4.13,119,0
585,Torrie Cox,CB,69,181,4.55,32,21.70000076,119,6.98,4.2,0,0
586,Tracy Porter,CB,71,188,4.37,34,18,123,7.2,4.07,98,0
587,Travares Tillman,FS,73,194,4.6,37.5,15,123,6.95,4.29,74,0
588,Travis Daniels,CB,73,194,4.54,35,21.70000076,120,6.95,3.97,107,0
589,Trent Gamble,FS,69,186,4.56,37,21,124,6.6,3.9,39,0
590,Trevard Lindley,CB,71,183,4.51,38.5,9,116,6.81,4.27,11,0
591,Trevin Wade,CB,70,192,4.52,34.5,18,116,6.87,4,47,0
592,Trevor Gaylor,WR,75,199,4.56,37.5,21.70000076,121,7.03,4.29,34,0
593,Triandos Luke,WR,71,199,4.51,38,21.70000076,124,7.06,4.17,10,0
594,Trindon Holliday,WR,65,166,4.34,42,10,116,6.54,4.48,0,0
595,Troy Nolan,FS,72,206,4.58,31.5,12,117,7.06,4.3,0,0
596,Troy Walters,WR,66,171,4.55,32.5,21.70000076,106,6.61,3.84,98,0
597,Trumaine Johnson,CB,74,204,4.5,35.5,19,122,7.2,4.15,102,0
598,Trumaine McBride,CB,69,185,4.57,34.5,14,122,6.96,4.32,84,0
599,Tye Hill,CB,70,185,4.34,41,21.70000076,129,6.63,4.01,40,0
600,Tyler Sash,SS,72,211,4.62,33,11,108,6.9,4.27,23,0
601,Tyrone Calico,WR,76,223,4.34,38,21.70000076,127,6.73,4.26,27,0
602,Tyrone Carter,SS,68,190,4.5,41,16,121,6.75,4.19,158,0
603,Tyvon Branch,CB,71,204,4.31,34,19,120,7.300000191,4.4,106,0
604,Vincent Brown,WR,71,187,4.68,33.5,12,121,6.64,4.25,38,0
605,Von Hutchins,CB,70,185,4.46,34.5,11,115,7.05,4.06,38,0
606,Vontae Davis,CB,71,203,4.4,36,25,125,6.75,4.07,121,2
607,Walter Young,WR,77,214,4.54,39,21.70000076,121,6.9,4.25,9,0
608,Wesly Mallard,SS,74,221,4.49,41,22,122,6.81,4.07,59,0
609,Will Blackmon,CB,72,198,4.47,41,21.70000076,133,6.67,4.23,96,0
610,William Bartee,CB,73,192,4.43,38.5,21.70000076,124,6.7,3.99,87,0
611,William Moore,SS,72,221,4.49,37,16,123,6.81,4.26,76,1
612,Willie Andrews,SS,69,193,4.43,36.5,7,124,6.99,4.27,30,0
613,Willie Pile,FS,74,206,4.57,38,14,125,6.77,4.21,0,0
614,Willie Reid,WR,70,188,4.34,37.5,21.70000076,117,7.06,4.26,7,0
615,Wilrey Fontenot,CB,69,171,4.4,34,18,128,7.29,4.26,0,0
616,Zack Bowman,CB,72,197,4.39,30.5,18,122,7.1,4.21,0,0