,Name,Position,Height,Weight,Forty,Vertical,Broadjump,Cone,Shuttle,Games,Probowls,Games_Range
1,Aaron Fields,DE,76,243,4.76,34.0,115.0,7.51,4.56,3,0,0-50
2,Aaron Maybin,DE,76,249,4.64,38.0,124.0,7.52,4.38,48,0,0-50
3,Aaron Schobel,DE,76,263,4.75,38.0,119.0,7.16,4.03,133,2,100-150
4,Adam Carriker,DE,78,296,4.9,33.5,110.0,7.06,4.18,65,0,50-100
7,Adam Koets,OT,77,298,5.08,32.0,106.0,7.44,4.47,11,0,0-50
8,Adam Snyder,OG,77,316,5.34,28.5,93.0,7.83,4.83,141,0,100-150
9,Adam Terry,OT,80,330,5.4,28.0,96.0,7.89,4.78,50,0,0-50
10,Adrian Awasom,DE,76,279,4.93,32.5,107.0,7.57,4.4,18,0,0-50
11,Adrian Clayborn,DE,75,281,4.78,33.0,113.0,7.3,4.13,125,0,100-150
13,Adrian Jones,OT,76,296,4.97,31.0,114.0,7.81,4.58,55,0,0-50
15,Ahtyba Rubin,DT,75,315,5.2,28.0,106.0,8.05,5.0,143,0,100-150
16,Al Lucas,DT,73,294,5.0,36.0,108.0,7.44,4.56,20,0,0-50
17,Al Woods,DT,76,309,5.15,37.0,109.0,7.45,4.67,150,0,100-150
18,Alan Reuber,OG,78,323,5.49,29.0,98.0,7.95,4.91,3,0,0-50
19,Aldon Smith,DE,76,263,4.74,34.0,118.0,7.19,4.5,75,1,50-100
20,Alex Barron,OT,79,320,4.87,35.5,112.0,7.83,4.56,87,0,50-100
22,Alex Magee,DT,75,298,4.82,29.5,103.0,7.52,4.55,25,0,0-50
23,Alex Stepanovich,C,75,304,5.29,25.5,96.0,7.64,4.44,46,0,0-50
24,Allen Bailey,DE,75,285,4.71,36.5,117.0,7.43,4.56,133,0,100-150
25,Allen Barbre,OT,76,300,4.84,32.0,105.0,7.4,4.63,92,0,50-100
26,Alonzo Jackson,DE,76,266,4.86,37.0,114.0,7.69,4.5,18,0,0-50
27,Alvin McKinley,DT,76,289,5.09,27.5,102.0,7.73,4.61,97,0,50-100
28,Amini Silatolu,OG,76,311,5.33,31.5,107.0,7.95,4.87,54,0,0-50
29,Amobi Okoye,DT,74,302,5.07,30.0,111.0,7.46,4.400000095,87,0,50-100
30,Andre Branch,DE,76,259,4.67,32.5,120.0,7.19,4.25,95,0,50-100
31,Andre Carter,DE,76,249,4.84,38.5,132.0,7.300000191,4.24,184,1,150-200
32,Andre Frazier,DE,77,234,4.66,38.0,124.0,7.09,4.12,61,0,50-100
33,Andre Gurode,OG,76,316,5.34,30.5,100.0,8.15,5.05,161,5,100-150
36,Andrew Whitworth,OT,79,334,5.16,30.5,112.0,8.23,4.83,239,4,200-330
37,Andrew Williams,DE,74,263,4.7,32.0,113.0,7.53,4.47,9,0,0-50
39,Andy Levitre,OG,75,305,5.33,30.5,103.0,7.300000191,4.52,143,0,100-150
40,Anthony Adams,DT,72,299,5.13,30.5,109.0,7.68,4.59,121,0,100-150
42,Anthony Bryant,DT,75,337,5.06,31.5,106.0,7.8,4.68,15,0,0-50
43,Anthony Castonzo,OT,79,311,5.21,29.5,105.0,7.25,4.4,144,0,100-150
44,Anthony Collins,OT,77,317,5.54,22.5,97.0,7.71,4.87,69,0,50-100
45,Anthony Herron,DE,75,280,5.16,36.0,114.0,7.58,4.43,1,0,0-50
46,Anthony Spencer,DE,75,261,4.7,32.5,112.0,7.14,4.43,104,1,50-100
47,Anthony Weaver,DT,75,296,4.95,32.5,109.0,7.37,4.31,103,0,50-100
48,Antoine Caldwell,C,75,309,5.24,28.0,111.0,7.96,5.04,39,0,0-50
50,Anton Palepoi,DE,75,279,4.81,33.5,114.0,7.46,4.27,35,0,0-50
52,Antonio Smith,DE,75,274,5.03,33.0,108.0,7.300000191,4.75,186,1,150-200
53,Anttaj Hawthorne,DT,75,321,5.23,27.0,100.0,8.0,4.69,18,0,0-50
55,Antwan Odom,DE,78,274,4.71,37.0,114.0,7.3,4.44,74,0,50-100
59,B.J. Raji,DT,73,337,5.12,32.0,103.0,7.9,4.69,91,1,50-100
60,Babatunde Oshinowo,DT,74,304,5.27,32.0,105.0,7.87,4.54,2,0,0-50
61,Barry Cofield,DT,76,304,4.95,34.0,105.0,7.43,4.35,138,0,100-150
62,Barry Richardson,OT,79,320,5.45,25.5,100.0,8.0,5.16,65,0,50-100
64,Ben Grubbs,OG,75,311,5.18,26.5,103.0,7.99,4.72,129,2,100-150
66,Ben Jones,C,75,303,5.35,30.5,105.0,7.95,4.74,169,0,150-200
67,Ben Sobieski,OG,77,307,5.0,30.0,109.0,7.7,4.49,1,0,0-50
69,Bill Swancutt,DE,76,270,5.0,34.0,113.0,7.35,4.24,8,0,0-50
70,Billy Winn,DE,76,294,4.86,27.0,107.0,7.37,4.44,74,0,50-100
71,Bo Schobel,DE,77,271,4.8,32.5,109.0,6.94,4.38,29,0,0-50
73,Bobby Massie,OT,78,316,5.18,27.5,103.0,7.7,4.95,131,0,100-150
74,Brad Bedell,OG,76,302,5.07,31.5,103.0,7.76,4.58,40,0,0-50
76,Brad Meester,C,75,298,5.12,34.0,110.0,7.46,4.43,209,0,150-200
77,Brady Poppinga,DE,75,259,4.59,35.5,110.0,7.27,4.38,100,0,50-100
78,Branden Albert,OG,78,309,5.17,26.0,111.0,7.97,4.78,120,2,100-150
80,Brandon Carter,OG,78,329,5.34,24.5,102.0,7.82,4.94,1,0,0-50
82,Brandon Fusco,C,76,306,5.18,28.5,108.0,7.29,4.43,90,0,50-100
84,Brandon Lang,DE,76,266,5.0,28.5,104.0,7.300000191,4.68,10,0,0-50
85,Brandon Mebane,DT,73,309,5.15,24.0,106.0,7.94,4.65,182,0,150-200
87,Brandon Thompson,DT,74,314,5.2,31.0,100.0,7.97,4.71,39,0,0-50
89,Breno Giacomini,OT,79,303,5.2,22.5,108.0,7.56,4.63,94,0,50-100
90,Brett Keisel,DE,77,279,4.89,33.5,107.0,7.28,4.51,156,1,100-150
93,Brian Rimpf,OT,78,319,5.41,28.0,105.0,7.97,4.66,16,0,0-50
94,Brian Robison,DE,75,259,4.67,40.5,121.0,6.89,4.26,173,0,150-200
95,Brian Young,DE,74,278,4.94,29.5,106.0,7.2,4.47,123,0,100-150
96,Bruce Campbell,OT,78,314,4.75,32.0,101.0,7.58,4.69,19,0,0-50
97,Bryan Bulaga,OT,77,314,5.2,27.5,98.0,7.7,4.75,126,0,100-150
102,Calais Campbell,DE,80,290,5.04,29.5,111.0,7.45,4.69,221,6,200-330
103,Cam Johnson,DE,75,268,4.75,35.0,105.0,7.2,4.38,28,0,0-50
104,Cam Thomas,DT,76,330,5.16,29.0,102.0,7.68,4.78,103,0,50-100
105,Cameron Jordan,DE,76,287,4.74,31.0,117.0,7.07,4.37,186,7,150-200
106,Carl Nicks,OT,77,341,5.22,25.5,109.0,7.91,4.68,73,2,50-100
107,Carlos Dunlap,DE,78,277,4.68,31.5,111.0,7.21,4.61,189,2,150-200
108,Carlos Hall,DE,76,259,4.67,40.0,129.0,6.97,4.19,59,0,50-100
110,Cedric Scott,DE,78,281,4.86,35.5,107.0,7.67,4.37,13,0,0-50
113,Chad Clifton,OT,77,334,5.05,30.5,102.0,7.58,4.73,165,2,150-200
115,Chandler Jones,DE,77,266,4.77,35.0,120.0,7.07,4.38,148,4,100-150
116,Charles Bennett,DE,76,258,4.7,33.5,115.0,7.48,4.52,3,0,0-50
117,Charles Grant,DE,75,282,4.69,31.0,118.0,7.69,4.39,118,0,100-150
118,Charles Hill,DT,74,293,5.06,33.5,113.0,7.37,4.36,16,0,0-50
119,Charles Johnson,DE,74,270,4.84,34.0,118.0,7.5,4.400000095,143,0,100-150
121,Chauncey Davis,DE,74,273,4.8,37.0,118.0,7.66,4.44,102,0,50-100
122,Chester Pitts,OT,76,320,5.22,30.0,106.0,7.84,4.81,121,0,100-150
124,Chilo Rachal,OG,77,315,5.16,25.5,108.0,8.01,5.14,64,0,50-100
125,Chris Chester,C,75,303,4.83,31.5,106.0,7.31,4.5,169,0,150-200
126,Chris Cooper,DE,77,272,4.95,35.5,114.0,7.12,4.21,78,0,50-100
127,Chris DeGeare,OG,76,325,5.12,32.5,103.0,7.84,4.9,8,0,0-50
128,Chris Ellis,DE,76,263,4.71,27.0,109.0,7.64,4.65,15,0,0-50
130,Chris Hairston,OT,78,326,5.38,29.0,96.0,7.9,4.7,74,0,50-100
131,Chris Hovan,DT,74,305,4.99,30.0,101.0,6.85,4.16,156,0,100-150
133,Chris Kuper,OG,76,301,5.1,30.0,109.0,7.59,4.6,90,0,50-100
134,Chris Long,DE,75,272,4.75,34.0,124.0,7.02,4.21,162,0,100-150
135,Chris Neild,DT,74,319,5.06,29.0,106.0,7.56,4.46,24,0,0-50
137,Chris Snee,OG,75,314,5.1,30.5,104.0,7.75,4.66,141,4,100-150
138,Chris Spencer,C,75,309,5.21,32.0,105.0,8.06,4.59,137,0,100-150
139,Chris Williams,OT,78,315,5.13,25.0,103.0,7.95,4.85,72,0,50-100
140,Christian Ballard,DE,76,283,4.75,31.5,111.0,7.54,4.51,32,0,0-50
142,Chukky Okobi,C,73,316,5.27,32.5,103.0,7.87,4.61,78,0,50-100
143,Claude Terrell,OG,74,343,5.42,24.5,89.0,8.17,4.75,20,0,0-50
145,Clifton Geathers,DE,79,299,4.98,36.0,112.0,7.69,4.400000095,37,0,0-50
146,Clifton Ryan,DT,75,310,5.12,26.5,102.0,7.49,4.69,49,0,0-50
147,Clint Boling,OG,77,308,5.28,31.0,102.0,7.66,4.64,111,0,100-150
152,Cooper Carlisle,OG,77,297,5.16,31.0,100.0,7.82,4.48,190,0,150-200
154,Cordy Glenn,OT,78,345,5.08,23.5,93.0,8.13,5.0,97,0,50-100
156,Corey Hilliard,OT,77,308,5.29,27.0,106.0,7.45,4.65,47,0,0-50
157,Corey Liuget,DT,74,298,4.97,27.5,102.0,7.48,4.68,124,0,100-150
158,Corey Peters,DT,75,300,4.98,33.0,98.0,7.56,4.76,158,0,100-150
159,Corey Williams,DT,76,313,5.18,28.0,106.0,7.97,4.55,126,0,100-150
160,Cornelius Griffin,DE,75,297,4.9,31.0,111.0,7.63,4.62,146,0,100-150
162,Cosey Coleman,OG,76,322,5.4,28.0,101.0,8.15,4.97,100,0,50-100
163,Craig Terrill,DT,74,290,5.21,26.5,100.0,7.39,4.1,88,0,50-100
167,Damion McIntosh,OT,76,328,5.31,26.0,97.0,7.72,4.71,125,0,100-150
168,Dan Buenning,OG,76,320,5.35,28.0,111.0,7.9,4.59,36,0,0-50
169,Dan Connolly,OT,76,311,5.19,28.5,108.0,7.65,4.54,89,0,50-100
170,Dan Klecko,DT,71,283,4.94,33.5,111.0,7.52,4.43,63,0,50-100
171,Dan Koppen,C,75,297,5.43,28.5,101.0,8.26,4.56,136,1,100-150
172,Dan Santucci,OG,75,301,5.13,29.0,102.0,7.47,4.74,2,0,0-50
173,Dan Williams,DT,74,327,5.19,32.0,96.0,7.88,4.87,102,0,50-100
174,Daniel Kilgore,OG,75,308,5.28,32.5,105.0,7.59,4.68,98,0,50-100
176,Daniel Te'o-Nesheim,DE,75,263,4.73,37.0,121.0,6.91,4.18,39,0,0-50
177,Danny Watkins,OG,75,310,5.36,26.0,92.0,7.61,4.62,24,0,0-50
178,Darell Scott,DT,75,312,4.92,30.5,107.0,8.28,4.84,33,0,0-50
179,Darnell Alford,OT,76,334,5.56,25.0,94.0,8.48,4.98,3,0,0-50
180,Darrell Shropshire,DT,74,301,4.87,34.0,116.0,7.54,4.31,23,0,0-50
181,Darren Howard,DE,76,281,5.09,29.0,108.0,7.0,4.32,145,0,100-150
182,Darryl Tapp,DE,74,252,4.83,33.0,109.0,7.31,4.48,165,0,150-200
183,Daryn Colledge,OT,76,299,5.05,32.5,110.0,7.43,4.58,141,0,100-150
185,David Baas,OG,76,319,5.06,29.5,105.0,7.5,4.46,122,0,100-150
186,David DeCastro,OG,77,316,5.32,29.5,98.0,7.3,4.56,125,6,100-150
187,David Diehl,OG,78,310,5.26,28.0,96.0,8.1,4.97,164,1,100-150
188,David Hale,OT,78,314,5.27,26.0,100.0,7.69,4.75,18,0,0-50
189,David McMillan,DE,75,262,4.58,34.0,120.0,7.11,4.07,29,0,0-50
190,David Pollack,DE,74,265,4.75,37.0,120.0,6.86,3.9,16,0,0-50
191,David Veikune,DE,74,257,4.75,33.0,110.0,7.2,4.46,14,0,0-50
192,Davin Joseph,OG,75,311,5.09,32.0,111.0,7.300000191,4.97,116,2,100-150
195,Demarcus Dobbs,DE,74,281,4.87,31.0,107.0,7.22,4.37,60,0,50-100
197,Dennis Johnson,DE,77,258,4.82,35.5,119.0,7.21,4.36,29,0,0-50
199,Derek Newton,OT,77,311,5.0,25.5,100.0,7.76,5.0,83,0,50-100
200,Derek Sherrod,OT,77,321,5.18,28.0,97.0,7.43,4.63,20,0,0-50
202,Derek Wolfe,DT,77,295,4.93,33.5,108.0,7.26,4.44,122,0,100-150
203,Derreck Robinson,DT,76,289,4.800000191,34.5,114.0,7.97,4.53,40,0,0-50
204,Derrick Burgess,DE,74,264,4.92,40.0,125.0,7.85,4.400000095,102,2,50-100
205,Derrick Harvey,DE,77,271,4.84,28.5,113.0,7.27,4.36,52,0,0-50
206,Derrick Morgan,DE,75,266,4.77,34.0,112.0,7.12,4.43,118,0,100-150
207,Derrick Shelby,DE,75,266,4.87,35.5,116.0,7.09,4.5,92,0,50-100
208,Deuce Lutui,OG,76,334,5.35,28.0,97.0,8.04,4.76,101,0,50-100
209,Devin Clark,OT,76,305,5.3,21.0,95.0,8.38,5.03,2,0,0-50
210,Domata Peko,DT,75,307,5.27,28.5,103.0,7.69,4.49,214,0,150-200
211,Dominic Raiola,C,74,307,5.13,33.0,108.0,7.55,4.35,219,0,150-200
212,Donald Stephenson,OT,77,312,4.94,35.5,114.0,7.52,4.78,80,0,50-100
213,Donald Thomas,OG,75,303,5.0,24.5,100.0,7.45,4.78,45,0,0-50
215,Dontari Poe,DT,75,346,4.89,29.5,105.0,7.9,4.56,128,2,100-150
217,Doug Free,OT,78,324,5.19,30.0,111.0,7.38,4.53,124,0,100-150
218,Doug Nienhuis,OG,78,307,5.15,29.5,99.0,7.5,4.47,7,0,0-50
219,Drake Nevis,DT,73,294,5.06,30.5,112.0,7.71,4.65,26,0,0-50
221,Drew Hodgdon,C,75,309,5.31,32.5,109.0,7.49,4.45,14,0,0-50
222,Duane Brown,OT,76,315,5.07,27.5,105.0,7.58,4.52,208,5,150-200
223,Duke Preston,C,77,311,4.800000191,32.0,96.0,7.57,4.45,59,0,50-100
226,Dwan Edwards,DT,75,313,5.12,28.0,105.0,7.59,4.68,136,0,100-150
227,Dwayne Missouri,DE,77,258,5.03,38.0,116.0,7.5,4.4,2,0,0-50
228,Dwight Johnson,DT,76,285,4.97,28.0,105.0,7.51,4.76,14,0,0-50
229,Dylan Gandy,OG,75,304,5.12,29.5,100.0,7.62,4.51,120,0,100-150
230,Earl Mitchell,DT,74,296,4.75,28.5,107.0,7.68,4.55,130,0,100-150
231,Eben Britton,OT,78,309,5.14,28.5,100.0,7.87,4.91,60,0,50-100
232,Ed Wang,OT,77,314,5.18,27.0,96.0,7.300000191,4.7,6,0,0-50
233,Eddie Freeman,DT,77,310,4.91,34.5,111.0,7.85,4.81,20,0,0-50
234,Edwin Williams,C,74,308,5.4,28.5,99.0,8.15,4.98,29,0,0-50
235,Ellis Wyms,DE,75,285,4.97,28.0,103.0,7.71,4.47,95,0,50-100
236,Enoch DeMar,OG,76,334,5.63,22.5,90.0,8.35,5.1,20,0,0-50
237,Erasmus James,DE,76,266,4.81,37.5,122.0,7.56,4.37,28,0,0-50
238,Eric Ghiaciuc,C,76,302,5.09,32.0,105.0,7.87,4.56,48,0,0-50
239,Eric Heitmann,OG,76,305,5.22,28.0,103.0,7.56,4.6,119,0,100-150
240,Eric Moore,DE,76,262,4.84,29.5,108.0,7.62,4.5,35,0,0-50
241,Eric Olsen,C,76,306,5.25,29.5,93.0,7.5,4.82,23,0,0-50
242,Eric Steinbach,OG,78,297,4.96,36.0,119.0,7.36,4.42,125,0,100-150
243,Eric Winston,OT,79,310,4.94,29.0,108.0,7.47,4.44,165,0,150-200
244,Eric Wood,C,76,310,5.19,30.5,99.0,7.56,4.51,120,1,100-150
246,Erik Flowers,DE,76,271,4.75,33.0,114.0,7.21,4.15,58,0,50-100
247,Ernest Grant,DT,77,316,5.31,29.5,98.0,8.0,5.03,24,0,0-50
248,Eugene Monroe,OT,77,309,5.18,28.5,110.0,7.86,4.78,93,0,50-100
249,Evan Mathis,OG,77,304,4.92,35.5,117.0,7.37,4.16,134,2,100-150
250,Everette Brown,DE,73,256,4.65,31.5,114.0,7.55,4.53,44,0,0-50
252,Fletcher Cox,DT,76,298,4.77,26.0,103.0,7.07,4.53,165,6,150-200
253,Frank Okam,DT,76,347,5.32,23.0,104.0,8.07,4.95,25,0,0-50
255,Fred Robbins,DT,76,312,5.09,29.5,94.0,7.72,4.72,180,0,150-200
256,Fred Wakefield,DE,79,287,5.09,29.0,108.0,7.49,4.64,64,0,50-100
257,Fred Weary,C,76,308,5.37,32.0,104.0,7.68,4.63,63,0,50-100
258,Gabe Watson,DT,75,339,5.27,25.0,96.0,8.28,4.8,62,0,50-100
259,Gaines Adams,DE,77,258,4.64,35.0,119.0,7.17,4.36,47,0,0-50
260,Garrett Reynolds,OT,80,309,5.32,22.0,94.0,7.87,4.88,68,0,50-100
262,Geno Atkins,DT,73,293,4.75,33.0,117.0,7.33,4.43,161,8,100-150
263,Geoff Hangartner,C,77,301,5.21,28.5,103.0,7.62,4.52,118,0,100-150
265,George Selvie,DE,76,252,4.93,30.5,109.0,7.48,4.63,80,0,50-100
266,Gerald McCoy,DT,76,295,5.04,30.5,114.0,7.32,4.48,140,6,100-150
267,Gosder Cherilus,OT,78,314,5.14,23.0,102.0,7.6,4.82,132,0,100-150
268,Grant Irons,DE,78,267,4.96,40.5,119.0,7.27,4.38,41,0,0-50
269,Greg Hardy,DE,76,281,4.82,35.0,117.0,7.25,4.65,75,1,50-100
270,Greg Randall,OT,78,333,5.59,26.0,95.0,8.15,5.13,51,0,0-50
271,Greg Scott,DE,76,268,4.9,32.5,110.0,7.5,4.61,4,0,0-50
272,Guy Whimper,OT,77,304,4.96,29.0,102.0,7.38,4.59,78,0,50-100
273,Haloti Ngata,DT,76,338,5.13,31.5,110.0,7.95,4.65,180,5,150-200
275,Ian Scott,DT,74,312,5.16,28.5,99.0,8.12,5.0,65,0,50-100
276,Ian Williams,DT,73,319,5.21,28.5,98.0,7.300000191,4.78,31,0,0-50
277,Igor Olshansky,DT,77,315,4.96,33.5,110.0,7.61,4.41,115,0,100-150
279,Isaac Sowells,OG,75,324,5.15,28.5,101.0,8.13,4.98,17,0,0-50
280,J.D. Walton,C,75,300,5.19,27.0,101.0,7.6,4.69,56,0,50-100
281,J.J. Watt,DE,77,290,4.81,37.0,120.0,6.88,4.21,144,5,100-150
282,J.R. Sweezy,DT,77,298,4.97,36.0,113.0,7.4,4.41,117,0,100-150
283,Jabari Issa,DT,77,296,5.05,31.5,105.0,7.69,4.72,23,0,0-50
284,Jace Sayler,DT,77,294,5.06,31.0,105.0,7.81,4.59,2,0,0-50
285,Jack Crawford,DE,77,274,4.74,33.0,116.0,7.15,4.25,109,0,50-100
287,Jah Reid,OT,79,327,5.32,29.5,111.0,7.73,4.65,61,0,50-100
288,Jahri Evans,OT,76,316,5.25,27.0,95.0,7.97,4.8,183,6,150-200
289,Jake Bequette,DE,77,274,4.75,34.0,113.0,6.9,4.07,8,0,0-50
290,Jake Long,OT,79,313,5.22,27.5,102.0,7.44,4.73,104,4,50-100
291,Jake Scott,OT,77,281,5.06,34.5,110.0,7.96,4.68,131,0,100-150
293,James Brown,OG,75,306,5.19,25.5,102.0,7.7,4.78,5,0,0-50
294,James Hall,DE,74,271,5.03,32.0,111.0,7.86,4.51,165,0,150-200
298,Jamey Richard,C,77,295,5.22,26.5,107.0,7.58,4.69,48,0,0-50
299,Jammal Brown,OT,78,316,5.06,31.5,109.0,7.93,4.67,85,2,50-100
301,Jamon Meredith,OT,77,304,4.99,28.0,105.0,8.01,4.82,67,0,50-100
302,Jared Crick,DE,76,279,4.91,31.0,104.0,7.47,4.4,79,0,50-100
303,Jared Odrick,DT,77,304,5.03,29.0,106.0,7.22,4.59,87,0,50-100
304,Jared Veldheer,OT,80,312,5.06,33.5,109.0,7.4,4.51,121,0,100-150
305,Jarius Wynn,DE,75,275,4.94,31.5,107.0,7.4,4.58,69,0,50-100
306,Jarret Johnson,DT,75,284,5.07,28.5,107.0,7.72,4.58,184,0,150-200
307,Jarriel King,OT,77,317,5.03,30.0,114.0,7.6,4.77,1,0,0-50
308,Jarron Gilbert,DE,77,288,4.81,35.5,119.0,7.7,4.56,5,0,0-50
309,Jarvis Borum,OG,79,332,5.05,30.5,107.0,8.08,4.83,1,0,0-50
310,Jarvis Green,DE,75,272,4.87,31.0,109.0,7.52,4.25,121,0,100-150
312,Jason Babin,DE,75,260,4.62,34.0,121.0,7.03,4.14,148,2,100-150
313,Jason Ball,C,74,301,5.41,29.0,94.0,7.87,4.73,27,0,0-50
314,Jason Brown,C,75,313,5.4,30.5,105.0,7.72,4.51,100,0,50-100
315,Jason Hatcher,DE,78,284,4.82,35.5,113.0,7.67,4.49,147,1,100-150
316,Jason Jefferson,DT,74,310,5.1,28.5,102.0,7.79,4.47,34,0,0-50
317,Jason Jones,DE,77,273,4.76,25.5,123.0,7.29,4.32,109,0,50-100
318,Jason Kelce,C,75,280,4.89,30.5,110.0,7.22,4.14,168,5,150-200
319,Jason Pierre-Paul,DE,77,270,4.71,30.5,115.0,7.18,4.67,171,3,150-200
320,Jason Pinkston,OT,75,317,5.39,26.5,98.0,7.88,4.91,25,0,0-50
321,Jason Smith,OT,77,309,5.09,24.0,96.0,7.53,4.69,45,0,0-50
322,Jason Spitz,OG,75,313,5.4,28.5,102.0,7.82,4.55,75,0,50-100
324,Jay Alford,DT,75,304,5.17,25.5,103.0,7.81,4.83,36,0,0-50
325,Jay Richardson,DE,78,279,5.0,33.0,112.0,7.5,4.54,59,0,50-100
327,Jaye Howard,DT,75,301,4.78,27.5,106.0,7.32,4.47,45,0,0-50
328,Jeb Terry,OG,77,313,5.2,29.0,105.0,8.03,4.98,30,0,0-50
329,Jeff Allen,OT,76,307,5.17,27.5,102.0,8.01,4.9,84,0,50-100
330,Jeff Backus,OT,77,310,5.37,27.0,99.0,8.27,4.67,191,0,150-200
331,Jeff Owens,DT,73,304,4.97,30.0,101.0,7.300000191,4.68,1,0,0-50
332,Jeno James,OG,75,320,5.62,25.5,94.0,8.51,5.22,94,0,50-100
333,Jerel Worthy,DT,74,308,5.0,28.5,107.0,7.6,4.56,40,0,0-50
337,Jeremy Thompson,DE,76,264,4.75,32.0,117.0,6.97,4.23,15,0,0-50
338,Jeremy Trueblood,OT,80,316,5.25,27.5,96.0,7.82,4.68,116,0,100-150
339,Jeremy Zuttah,OT,75,303,4.99,26.5,107.0,7.59,4.54,131,1,100-150
340,Jerome McDougle,DE,74,264,4.67,34.0,117.0,7.28,4.58,37,0,0-50
342,Jerrell Powe,DT,74,335,5.25,25.0,93.0,8.17,5.06,28,0,0-50
344,Jim Davis,DE,75,277,4.75,34.0,111.0,7.11,4.23,1,0,0-50
345,Jim Molinaro,OT,78,308,5.09,29.5,105.0,7.75,4.6,15,0,0-50
346,Jimmy Verdon,DE,75,280,5.02,29.5,105.0,7.89,4.53,4,0,0-50
347,Jimmy Wilkerson,DE,75,271,4.91,34.5,114.0,7.45,4.4,119,0,100-150
348,Joe Barksdale,OT,77,325,5.31,29.0,103.0,8.27,4.75,106,0,50-100
349,Joe Berger,OT,77,303,5.18,27.0,96.0,7.77,4.62,145,0,100-150
350,Joe Hawley,C,75,297,5.21,26.0,105.0,7.5,4.73,91,0,50-100
351,Joe Tafoya,DE,76,269,4.91,33.0,111.0,7.65,4.4,76,0,50-100
352,Joe Thomas,OT,79,311,4.92,33.0,110.0,7.95,4.88,167,10,150-200
353,John Engelberger,DE,76,260,4.73,34.0,115.0,6.95,4.28,139,0,100-150
355,John Greco,OT,77,305,5.29,26.0,108.0,8.03,4.82,132,0,100-150
356,John Henderson,DT,79,308,4.87,27.5,110.0,7.71,4.66,146,2,100-150
357,John Jerry,OT,77,328,5.15,27.5,101.0,7.93,4.69,132,0,100-150
358,John McCargo,DT,73,302,5.15,30.5,110.0,7.79,4.48,44,0,0-50
359,John Moffitt,OG,76,319,5.51,30.5,102.0,7.79,4.53,19,0,0-50
360,John Schlecht,DT,72,295,4.95,31.5,101.0,7.45,4.3,8,0,0-50
361,John Stamper,DE,76,265,4.98,36.5,112.0,7.35,4.22,4,0,0-50
362,John Sullivan,C,75,301,5.35,30.0,103.0,7.62,4.55,153,0,100-150
365,Jon Cooper,C,74,291,5.09,29.5,105.0,7.46,4.6,13,0,0-50
366,Jon Stinchcomb,OT,77,302,4.99,35.0,115.0,7.83,4.62,90,1,50-100
367,Jonas Jennings,OT,76,334,5.31,29.5,102.0,8.08,4.93,75,0,50-100
368,Jonathan Babineaux,DT,74,286,4.87,29.5,109.0,7.7,4.57,185,0,150-200
369,Jonathan Lewis,DT,73,309,4.97,33.5,111.0,7.4,4.4,4,0,0-50
370,Jonathan Luigs,C,76,301,5.14,31.0,99.0,7.69,4.79,8,0,0-50
371,Jonathan Scott,OT,78,315,5.32,24.5,101.0,7.73,4.85,71,0,50-100
373,Jordan Carstens,DT,77,305,5.0,28.5,106.0,8.35,4.8,29,0,0-50
374,Jordan Gross,OT,76,300,5.05,31.5,112.0,7.69,4.39,167,3,150-200
376,Josh Beekman,OG,74,313,5.36,25.5,93.0,8.24,4.81,28,0,0-50
377,Josh LeRibeus,OG,75,312,5.31,26.0,96.0,7.64,4.65,50,0,0-50
378,Josh Williams,DT,75,282,4.9,30.5,111.0,7.22,4.25,73,0,50-100
379,Jovan Haye,DE,74,284,4.74,34.0,110.0,7.38,4.35,73,0,50-100
380,Julian Jenkins,DE,76,277,5.03,34.5,110.0,7.11,4.23,12,0,0-50
381,Julian Vandervelde,OG,74,301,5.12,31.0,104.0,7.46,4.59,18,0,0-50
382,Junior Siavii,DT,76,344,5.16,24.5,93.0,7.93,4.84,56,0,50-100
384,Jurrell Casey,DT,73,300,5.04,27.5,101.0,7.51,4.78,142,5,100-150
386,Justin Bannan,DT,75,300,5.0,29.0,99.0,7.31,4.24,163,0,100-150
387,Justin Blalock,OG,75,320,5.1,28.5,101.0,7.75,4.72,125,0,100-150
388,Justin Francis,DE,74,268,4.9,32.0,109.0,7.05,4.35,10,0,0-50
390,Justin Harrell,DT,76,300,5.04,30.5,108.0,7.63,4.79,14,0,0-50
391,Justin Kurpeikis,DE,75,252,4.97,31.5,118.0,6.82,4.1,14,0,0-50
392,Justin Smiley,OG,75,298,5.07,32.0,111.0,7.72,4.41,88,0,50-100
393,Kamerion Wimbley,DE,76,248,4.61,38.5,129.0,6.97,4.48,140,0,100-150
394,Kareem McKenzie,OT,78,328,5.33,33.0,104.0,7.87,4.8,161,0,100-150
395,Kedric Golston,DT,76,300,4.88,33.0,111.0,7.6,4.45,142,0,100-150
397,Kelechi Osemele,OT,77,333,5.22,26.5,104.0,7.91,4.87,101,2,50-100
399,Kelvin Beachum,OG,75,303,5.38,28.5,101.0,7.79,4.8,145,0,100-150
400,Kendall Langford,DE,77,287,4.95,27.0,114.0,7.72,4.69,136,0,100-150
401,Kendall Reyes,DT,76,299,4.82,34.5,113.0,7.43,4.53,76,0,50-100
402,Kendall Simmons,OG,75,311,5.3,28.5,98.0,7.84,4.71,84,0,50-100
403,Kendrick Clancy,DT,73,283,5.25,27.5,108.0,7.98,4.65,109,0,50-100
404,Kenny Iwebema,DE,76,274,4.91,29.0,109.0,7.62,4.75,31,0,0-50
405,Kenny King,DE,75,281,4.95,35.0,114.0,7.5,4.37,11,0,0-50
406,Kenny Smith,DT,75,299,5.24,30.0,100.0,8.0,4.8,36,0,0-50
407,Kentwan Balmer,DT,76,308,5.29,29.0,103.0,7.65,4.82,46,0,0-50
408,Kenyatta Walker,OT,77,311,5.17,31.5,109.0,7.7,4.6,75,0,50-100
409,Kevin Barry,OG,76,325,5.34,28.5,108.0,8.34,4.73,59,0,50-100
410,Kevin Boothe,OT,77,316,5.41,31.5,98.0,8.36,5.07,114,0,100-150
411,Kevin Hughes,OT,76,302,5.31,29.5,95.0,8.29,4.97,3,0,0-50
413,Kevin Williams,DE,77,304,4.81,30.0,112.0,7.66,5.04,203,6,150-200
414,Kevin Zeitler,OG,76,314,5.32,29.0,101.0,7.77,4.61,161,0,100-150
415,Khaleed Vaughn,DE,76,281,5.0,31.5,113.0,7.38,4.35,3,0,0-50
416,Khalif Barnes,OT,78,305,4.92,35.0,106.0,7.57,4.54,154,0,100-150
418,Khari Long,DE,76,257,4.74,38.5,121.0,7.22,4.07,1,0,0-50
419,Kheeston Randall,DT,77,293,5.0,34.0,111.0,7.49,4.84,12,0,0-50
420,Kindal Moorehead,DE,74,285,5.0,32.0,104.0,7.71,4.57,89,0,50-100
421,Kirk Chambers,OT,79,313,5.44,27.0,101.0,7.56,4.4,70,0,50-100
422,Kory Lichtensteiger,C,74,298,5.25,23.0,104.0,7.6,4.56,93,0,50-100
424,Kris Jenkins,DT,77,318,5.19,31.0,108.0,7.85,4.4,108,4,50-100
425,Kwame Harris,OT,79,310,5.2,35.5,107.0,7.98,4.65,86,0,50-100
428,Kyle Kosier,OT,77,293,5.09,29.5,108.0,7.34,4.49,143,0,100-150
429,Kyle Moore,DE,77,272,4.76,30.5,105.0,7.4,4.47,31,0,0-50
430,Kyle Vanden Bosch,DE,76,270,4.75,36.5,119.0,6.82,4.08,152,3,100-150
431,Kynan Forney,OG,74,312,5.28,27.0,97.0,8.56,4.7,98,0,50-100
432,Lamar Holmes,OT,77,323,5.29,27.0,104.0,7.74,4.8,21,0,0-50
433,Lamarr Houston,DT,75,305,4.84,33.5,114.0,7.61,4.71,100,0,50-100
435,Langston Walker,OT,80,344,5.26,28.5,102.0,8.09,4.95,120,0,100-150
436,Lauvale Sape,DT,74,297,5.21,31.5,111.0,7.73,4.72,10,0,0-50
438,Lawrence Jackson,DE,76,271,4.82,31.0,108.0,7.08,4.4,69,0,50-100
439,Lawrence Sidbury,DE,74,266,4.53,35.0,120.0,7.46,4.43,50,0,0-50
440,LeCharles Bentley,C,74,299,5.19,25.5,103.0,7.85,4.54,57,2,50-100
442,Lee Ziemba,OT,78,317,5.5,29.0,95.0,7.74,4.65,6,0,0-50
443,Leif Larsen,DT,76,300,5.08,30.0,110.0,7.46,4.37,16,0,0-50
444,Leonard Davis,OT,78,370,5.32,28.0,97.0,8.72,5.18,171,3,150-200
445,Leonardo Carson,DE,73,283,5.06,28.0,106.0,7.82,4.75,64,0,50-100
446,Leroy Harris,C,74,302,5.35,24.5,96.0,8.0,4.8,76,0,50-100
447,Linval Joseph,DT,76,328,5.09,30.0,100.0,8.12,4.71,171,2,150-200
448,Lionel Dotson,DT,76,296,5.38,25.0,99.0,7.62,4.75,12,0,0-50
449,Logan Mankins,OG,76,307,5.06,31.5,95.0,7.52,4.44,161,7,100-150
452,Lucas Nix,OG,77,317,5.36,29.5,102.0,7.81,4.9,15,0,0-50
453,Lydon Murtha,OT,79,306,4.82,35.0,110.0,7.06,4.34,9,0,0-50
454,Makoa Freitas,OG,76,307,5.05,24.5,95.0,8.24,4.92,28,0,0-50
455,Malcolm Sheppard,DT,74,285,5.11,28.0,100.0,7.81,4.78,17,0,0-50
456,Malik Jackson,DE,77,284,4.85,28.0,105.0,7.38,4.41,142,1,100-150
458,Mao Tosi,DT,77,310,5.26,28.5,99.0,7.72,4.6,26,0,0-50
459,Marc Colombo,OT,80,313,5.27,29.5,101.0,7.65,4.6,111,0,100-150
461,Marcell Dareus,DT,75,319,4.93,27.0,113.5999985,7.83,4.62,121,2,100-150
462,Marcus Cannon,OT,77,358,5.26,30.5,105.0,8.07,4.97,124,0,100-150
464,Marcus Forston,DT,73,301,5.05,28.0,105.0,7.64,4.79,4,0,0-50
465,Marcus Green,DT,73,295,5.14,31.0,108.0,7.62,4.86,2,0,0-50
466,Marcus Johnson,OG,78,321,5.45,27.5,104.0,7.71,4.71,53,0,0-50
467,Marcus McNeill,OT,80,336,5.07,31.0,98.0,8.19,5.0,82,2,50-100
468,Marcus Stroud,DT,78,321,5.13,30.0,110.0,8.07,4.72,146,3,100-150
469,Mario Henderson,OT,78,302,5.11,28.5,109.0,7.6,4.87,44,0,0-50
470,Mario Monds,DT,75,342,5.04,28.5,99.0,8.06,4.73,7,0,0-50
471,Mario Williams,DE,79,295,4.7,40.5,120.0,7.19,4.36,158,4,100-150
472,Mark Anderson,DE,76,254,4.62,42.0,127.0,6.95,4.22,98,0,50-100
473,Mark Setterstrom,OG,76,314,5.38,26.5,100.0,7.63,4.53,19,0,0-50
474,Mark Tauscher,OG,75,318,5.37,27.0,90.0,7.91,4.84,134,0,100-150
476,Markus Kuhn,DT,77,299,4.87,34.5,112.0,7.43,4.41,39,0,0-50
477,Markus White,DE,75,266,4.86,32.5,117.0,7.25,4.51,5,0,0-50
478,Marques Sullivan,OT,77,338,5.32,30.5,98.0,8.36,4.8,32,0,0-50
481,Marvel Smith,OT,77,320,5.37,27.5,100.0,7.87,4.83,111,1,100-150
483,Mathias Kiwanuka,DE,78,266,4.7,32.0,120.0,7.27,4.13,120,0,100-150
484,Mathias Nkwenti,OG,75,293,5.57,35.5,113.0,7.66,4.18,2,0,0-50
485,Matt Hill,OT,78,300,5.33,28.5,101.0,7.58,4.54,26,0,0-50
486,Matt Kalil,OT,79,306,4.96,27.0,113.5999985,7.33,4.65,82,1,50-100
487,Matt Lehr,OG,74,290,5.28,31.5,111.0,7.59,4.44,98,0,50-100
488,Matt Leonard,DT,75,305,4.97,26.0,95.0,7.53,4.56,4,0,0-50
489,Matt Roth,DE,76,278,4.81,32.0,112.0,7.65,4.36,96,0,50-100
490,Matt Shaughnessy,DE,77,266,4.86,30.5,112.0,7.68,4.88,75,0,50-100
492,Matt Tennant,C,77,300,5.15,25.0,98.0,7.6,4.62,36,0,0-50
493,Matthias Askew,DT,77,308,5.2,27.0,101.0,7.55,4.42,6,0,0-50
496,Max Starks,OT,79,350,5.56,27.5,98.0,7.88,4.65,125,0,100-150
497,Max Unger,C,77,309,5.26,24.5,93.0,7.39,4.5,130,3,100-150
499,Melvin Fowler,C,75,300,5.46,27.0,99.0,7.51,4.6,87,0,50-100
500,Michael Brockers,DT,77,322,5.31,26.5,105.0,7.46,4.81,159,0,100-150
501,Michael Oher,OT,76,309,5.16,30.5,103.0,7.81,4.6,110,0,50-100
502,Michael Roos,OT,79,320,5.3,29.0,97.0,7.72,4.5,148,1,100-150
503,Michael Thompson,OT,76,305,5.28,26.0,104.0,7.99,4.73,12,0,0-50
505,Mike Adams,OT,79,323,5.28,28.5,100.0,7.94,4.95,53,0,0-50
506,Mike Brewster,C,76,312,5.22,25.0,96.0,7.73,4.6,26,0,0-50
509,Mike Iupati,OG,77,331,5.24,27.5,92.0,7.85,4.93,140,4,100-150
511,Mike Martin,DT,73,306,4.8,33.5,113.0,7.19,4.25,46,0,0-50
512,Mike McGlynn,OG,76,311,5.38,23.0,101.0,7.58,4.72,83,0,50-100
513,Mike Montgomery,DE,77,276,5.05,34.5,115.0,7.38,4.32,58,0,50-100
514,Mike Neal,DT,75,294,4.87,33.0,113.0,7.53,4.53,68,0,50-100
516,Mike Pollak,C,75,301,4.99,25.0,110.0,7.49,4.47,81,0,50-100
517,Mike Pouncey,OG,77,303,5.12,25.0,96.0,7.66,4.64,114,4,100-150
520,Mitchell Schwartz,OT,77,318,5.38,26.5,89.0,7.86,4.87,134,0,100-150
522,Montavious Stanley,DT,74,313,5.12,29.0,106.0,8.06,4.6,33,0,0-50
523,Monty Beisel,DE,76,270,4.83,34.5,110.0,7.32,4.28,119,0,100-150
524,Muhammad Wilkerson,DT,76,315,4.96,26.0,106.0,7.31,4.59,108,1,50-100
525,Myron Pryor,DT,72,319,5.03,30.0,107.0,8.16,4.75,24,0,0-50
526,Nat Dorsey,OT,79,322,5.46,28.5,102.0,8.3,4.84,40,0,0-50
527,Nate Potter,OT,78,303,5.26,28.5,100.0,7.49,4.67,21,0,0-50
528,Nate Solder,OT,80,319,4.96,32.0,110.0,7.44,4.34,146,0,100-150
529,Ndamukong Suh,DT,76,307,5.03,35.5,105.0,7.21,4.44,191,5,150-200
530,Nick Fairley,DT,76,291,4.84,31.0,113.0,7.14,4.56,77,0,50-100
531,Nick Hardwick,C,75,295,5.2,34.0,108.0,7.72,4.55,136,1,100-150
532,Nick Hayden,DT,76,291,5.14,27.0,108.0,7.55,4.54,76,0,50-100
533,Nick Leckey,C,75,290,5.26,27.0,97.0,7.71,4.47,65,0,50-100
534,Nick Mangold,C,76,300,5.05,27.5,104.0,7.47,4.36,164,7,100-150
535,Nick Perry,DE,75,271,4.55,38.5,124.0,7.25,4.66,81,0,50-100
536,Olivier Vernon,DE,74,261,4.73,34.5,122.0,7.39,4.5,127,1,100-150
537,Oniel Cousins,OT,76,308,5.11,24.5,107.0,7.9,4.8,75,0,50-100
541,Parys Haralson,DE,73,253,4.8,32.0,115.0,7.37,4.26,118,0,100-150
542,Paul Kruger,DE,76,263,4.79,32.5,108.0,7.52,4.47,114,0,100-150
543,Paul McQuistan,OT,78,312,5.07,29.5,110.0,7.72,4.62,97,0,50-100
544,Paul Soliai,DT,76,344,5.1,29.5,103.0,7.66,4.69,138,1,100-150
545,Pernell McPhee,DE,75,278,4.91,28.5,107.0,7.13,4.59,141,0,100-150
546,Phil Loadholt,OT,80,332,5.45,29.0,95.0,8.18,5.06,89,0,50-100
547,Phil Taylor,DT,75,334,5.09,29.5,100.0,7.75,4.77,44,0,0-50
550,Quentin Moses,DE,77,261,4.82,32.0,115.0,7.38,4.53,44,0,0-50
552,Quinn Ojinnaka,OT,77,309,5.44,28.5,102.0,8.45,5.11,62,0,50-100
553,Quinton Coples,DE,78,284,4.69,31.5,109.0,7.57,4.78,62,0,50-100
554,Raheem Brock,DE,76,257,4.93,34.0,115.0,7.09,4.23,152,0,100-150
555,Ramon Foster,OT,77,328,5.57,26.0,92.0,7.96,4.98,160,0,100-150
558,Ray Edwards,DE,77,273,4.81,39.0,114.0,7.71,4.57,97,0,50-100
559,Red Bryant,DT,76,318,5.0,28.0,111.0,7.75,4.64,86,0,50-100
560,Reggie Hayward,DE,77,255,4.91,41.0,127.0,7.43,4.43,92,0,50-100
561,Reggie Torbor,DE,74,254,4.65,34.0,120.0,7.48,4.46,104,0,50-100
562,Reggie Wells,OT,75,300,5.16,29.0,104.0,8.35,4.56,119,0,100-150
563,Rex Hadnot,C,74,323,5.5,24.5,91.0,7.94,4.66,129,0,100-150
564,Rick DeMulling,OG,76,307,5.24,31.5,108.0,7.62,4.6,81,0,50-100
566,Ricky Henry,OG,75,308,5.68,24.0,90.0,7.98,4.68,2,0,0-50
567,Riley Reiff,OT,78,313,5.16,26.5,98.0,7.87,4.75,156,0,100-150
569,Rob Meier,DE,77,284,4.99,30.5,113.0,7.49,4.52,138,0,100-150
570,Rob Ninkovich,DE,75,260,4.91,34.5,116.0,6.96,4.18,131,0,100-150
571,Robert Ayers,DE,75,272,4.77,29.5,102.0,7.56,4.51,120,0,100-150
573,Robert Gallery,OT,79,323,4.98,30.0,105.0,7.42,4.38,104,0,50-100
574,Robert Quinn,DE,76,265,4.62,34.0,116.0,7.13,4.4,166,3,150-200
575,Roberto Garza,C,74,303,5.0,32.5,114.0,7.71,4.53,206,0,150-200
576,Rocky Bernard,DT,75,294,4.96,33.0,108.0,7.43,4.41,160,0,100-150
577,Roderick Green,DE,74,245,4.7,34.5,129.0,7.26,4.04,54,0,0-50
578,Rodger Saffold,OT,77,316,5.21,29.5,113.0,7.42,4.67,169,1,150-200
579,Rodney Hudson,C,74,299,5.27,25.5,95.0,8.03,4.96,159,3,100-150
581,Rokevious Watkins,OG,76,338,5.29,27.0,102.0,7.87,4.9,4,0,0-50
582,Ron Brace,DT,75,330,5.48,28.0,99.0,8.15,4.73,39,0,0-50
583,Ronald Fields,DT,74,313,5.24,27.0,102.0,8.01,4.68,87,0,50-100
585,Ross Kolodziej,DE,75,290,4.87,34.5,111.0,7.37,4.36,54,0,0-50
586,Roy Miller,DT,73,310,4.93,32.0,103.0,8.01,4.74,119,0,100-150
589,Ryan Boschetti,DT,76,306,5.06,29.5,110.0,7.41,4.27,22,0,0-50
590,Ryan Cook,OT,79,328,5.47,26.5,97.0,7.93,4.66,90,0,50-100
591,Ryan Denney,DE,79,276,4.86,33.0,107.0,7.18,4.25,113,0,100-150
592,Ryan Diem,OT,79,338,5.13,34.0,102.0,7.5,4.46,157,0,100-150
593,Ryan Harris,OT,76,305,5.09,25.5,100.0,7.78,4.52,114,0,100-150
594,Ryan Kalil,C,75,299,4.96,26.0,104.0,7.5,4.34,155,5,100-150
595,Ryan Kerrigan,DE,76,267,4.67,33.5,122.0,7.18,4.39,172,4,150-200
596,Ryan LaCasse,DE,74,257,4.62,34.0,113.0,7.25,4.3,12,0,0-50
597,Ryan McBean,DT,76,286,4.98,28.0,108.0,7.79,4.46,47,0,0-50
598,Ryan Miller,OG,79,321,5.16,28.0,100.0,7.72,4.78,8,0,0-50
601,Sam Young,OT,80,316,5.2,29.5,104.0,7.73,4.87,103,0,50-100
602,Samson Satele,C,75,300,5.24,33.0,101.0,7.47,4.29,118,0,100-150
603,Scott Kooistra,OT,78,316,5.14,31.0,103.0,7.95,4.62,84,0,50-100
605,Scott Solomon,DE,75,262,4.88,35.0,124.0,7.17,4.25,24,0,0-50
607,Scott Wells,C,74,300,5.3,31.0,109.0,7.56,4.35,146,1,100-150
610,Sean Locklear,OG,76,308,5.16,29.0,100.0,7.85,4.56,117,0,100-150
611,Sean Mahan,OG,75,301,5.14,30.0,105.0,7.75,4.77,94,0,50-100
612,Sedrick Ellis,DT,72,309,5.26,26.5,105.0,7.78,4.73,70,0,50-100
614,Senio Kelemete,OG,76,307,5.39,25.0,101.0,7.77,4.58,97,0,50-100
615,Seth McKinney,C,75,300,4.97,33.5,105.0,7.36,4.51,93,0,50-100
616,Seth Olsen,OG,77,306,5.23,24.5,90.0,7.59,4.7,14,0,0-50
617,Seth Wand,OT,79,321,5.14,31.5,107.0,7.61,4.5,53,0,0-50
618,Shane Olivea,OT,75,302,5.29,29.0,92.0,8.25,4.71,60,0,50-100
619,Shaun Phillips,DE,75,255,4.78,33.0,114.0,6.95,4.23,168,1,150-200
620,Shawn Andrews,OT,76,366,5.49,25.0,98.0,8.25,4.85,63,2,50-100
621,Shawn Lauvao,OG,75,315,5.22,26.5,101.0,7.56,4.51,99,0,50-100
623,Shawn Worthen,DT,73,310,5.18,30.0,103.0,7.5,4.61,4,0,0-50
625,Simon Fraser,DE,78,288,5.0,28.0,106.0,7.54,4.43,53,0,0-50
626,Sione Fua,DT,73,308,5.28,24.0,101.0,7.54,4.54,40,0,0-50
627,Sione Pouha,DT,75,325,5.02,32.5,107.0,7.83,4.44,106,0,50-100
628,Spencer Johnson,DT,75,286,5.06,30.0,111.0,7.78,4.53,125,0,100-150
629,Stacy Andrews,OT,78,342,5.07,30.5,106.0,8.09,4.78,94,0,50-100
630,Stanley McClover,DE,74,262,4.7,39.0,114.0,7.87,4.5,14,0,0-50
631,Stefen Wisniewski,C,75,313,5.29,28.5,100.0,7.51,4.63,139,0,100-150
633,Steve Edwards,OG,77,355,5.5,23.0,94.0,8.37,5.15,40,0,0-50
634,Steve Hutchinson,OG,77,315,5.15,33.5,106.0,7.300000191,4.74,169,7,150-200
635,Steve Justice,C,75,293,5.24,21.0,98.0,7.4,4.58,8,0,0-50
637,Steve Sciullo,OT,77,330,5.48,28.0,98.0,7.85,4.72,28,0,0-50
638,Steve Warren,DT,73,307,5.1,30.5,105.0,7.97,4.56,25,0,0-50
639,T.J. Jackson,DT,72,304,5.15,31.0,104.0,7.72,4.6,9,0,0-50
640,Tank Johnson,DT,75,304,4.69,34.0,114.0,7.56,4.6,91,0,50-100
642,Ted Larsen,C,75,304,5.19,24.0,96.0,7.81,4.66,137,0,100-150
643,Terrance Knighton,DT,75,321,4.93,28.0,103.0,7.9,4.78,108,0,50-100
644,Terrell McClain,DT,74,297,4.98,28.0,104.0,7.48,4.56,92,0,50-100
645,Terrence Cody,DT,76,354,5.71,20.5,90.0,8.19,5.03,57,0,50-100
647,Tim Bulman,DT,75,294,4.91,32.5,115.0,7.23,4.2,49,0,0-50
648,Tim Crowder,DE,76,272,4.69,30.5,111.0,7.28,4.32,60,0,50-100
650,Tim Jamison,DE,74,256,4.95,30.0,107.0,7.56,4.6,56,0,50-100
652,Todd Wade,OT,80,326,5.22,27.5,101.0,7.68,4.68,99,0,50-100
656,Tommy Kelly,DE,78,294,4.87,25.0,105.0,7.79,4.45,150,0,100-150
657,Toniu Fonoti,OG,76,349,5.49,28.5,97.0,8.12,4.81,40,0,0-50
658,Tony Bergstrom,OT,77,313,5.19,29.5,101.0,7.95,4.84,70,0,50-100
659,Torell Troup,DT,75,314,5.12,29.0,98.0,7.61,4.73,21,0,0-50
660,Torrin Tucker,OG,78,328,5.35,30.0,103.0,8.39,4.97,36,0,0-50
661,Trai Essex,OT,76,324,5.61,29.0,96.0,8.11,4.92,76,0,50-100
662,Travelle Wharton,OT,76,312,5.14,31.5,105.0,8.31,4.58,115,0,100-150
663,Travis Claridge,OG,77,303,5.15,31.5,100.0,7.77,4.86,52,0,0-50
665,Trent Williams,OT,77,315,4.81,34.5,113.0,7.64,4.63,155,9,100-150
667,Trevor Johnson,DE,77,260,4.8,35.5,110.0,7.06,4.08,35,0,0-50
668,Trevor Laws,DT,73,304,5.09,30.5,103.0,7.37,4.49,56,0,50-100
669,Trey Darilek,OG,76,301,5.23,28.5,110.0,7.85,4.61,18,0,0-50
670,Troy Kropog,OT,77,309,5.3,30.0,100.0,7.65,4.84,7,0,0-50
672,Turk McBride,DT,74,277,4.81,31.0,108.0,7.1,4.12,66,0,50-100
674,Tyler Brayton,DE,78,277,4.73,34.0,116.0,7.14,4.31,141,0,100-150
675,Tyler Polumbus,OT,79,312,5.3,26.0,112.0,7.71,4.86,112,0,100-150
676,Tyrone Crawford,DE,76,275,4.82,33.0,113.0,7.09,4.44,112,0,100-150
677,Tyson Alualu,DE,74,295,4.87,35.5,116.0,7.15,4.43,183,0,150-200
679,Tyson Jackson,DE,76,296,4.94,28.5,102.0,7.64,4.8,122,0,100-150
681,Vernon Gholston,DE,75,266,4.65,35.5,125.0,7.12,4.4,45,0,0-50
682,Victor Adeyanju,DE,76,274,4.86,32.0,112.0,7.37,4.41,53,0,0-50
685,Vince Manuwai,OG,74,304,5.06,29.5,107.0,7.59,4.4,111,0,100-150
686,Vinny Curry,DE,75,266,4.87,32.0,110.0,6.9,4.4,127,0,100-150
688,Wade Smith,OT,76,296,5.14,32.5,114.0,7.62,4.75,143,1,100-150
690,Wes Shivers,OT,77,318,5.65,22.5,98.0,8.48,4.81,3,0,0-50
691,Wes Sims,OT,77,318,5.39,28.0,108.0,7.68,4.43,1,0,0-50
692,Whitney Mercilus,DE,76,261,4.68,32.0,118.0,7.17,4.53,138,0,100-150
693,Will Beatty,OT,78,307,5.06,33.5,107.0,7.62,4.77,89,0,50-100
694,Will Montgomery,C,75,312,5.12,29.5,104.0,7.4,4.43,110,0,50-100
695,Will Overstreet,DE,75,259,4.65,32.5,116.0,7.37,4.31,6,0,0-50
696,Will Rackley,OG,75,309,5.39,23.5,99.0,7.91,4.94,26,0,0-50
697,Willie Smith,OT,77,310,5.4,30.5,106.0,7.95,4.83,29,0,0-50
698,Willie Young,DE,77,251,4.88,38.0,118.0,7.24,4.56,98,0,50-100
703,Zach Strief,OT,80,330,5.38,21.0,94.0,8.01,4.83,158,0,100-150
0,A.J. Green,WR,76,211,4.48,34.5,126.0,6.91,4.21,151,7,100-150
1,A.J. Jefferson,CB,72,193,4.42,44.0,126.0,6.72,4.0,43,0,0-50
2,Aaron Francisco,FS,74,211,4.74,35.0,113.0,6.96,4.07,75,0,50-100
3,Aaron Ross,CB,72,193,4.44,34.0,118.0,6.67,4.15,83,0,50-100
4,Aaron Williams,CB,72,204,4.55,37.5,127.0,6.72,4.07,59,0,50-100
5,Adam Jennings,WR,69,181,4.44,37.5,118.0,6.88,4.12,46,0,0-50
6,Adrian Madise,WR,71,215,4.49,32.0,119.0,7.32,4.26,11,0,0-50
7,Ahmad Black,SS,69,184,4.7,35.5,119.0,6.85,4.2,24,0,0-50
9,Akwasi Owusu-Ansah,CB,72,207,4.32,35.5,120.0,6.84,4.32,15,0,0-50
11,Alphonso Smith,CB,69,193,4.47,34.0,125.0,7.09,4.38,42,0,0-50
12,Alterraun Verner,CB,70,189,4.52,32.0,116.0,6.7,4.12,125,1,100-150
13,Andrae Thurman,WR,71,192,4.54,34.5,121.0,7.31,4.3,17,0,0-50
14,Andre Caldwell,WR,72,204,4.35,33.0,124.0,6.75,4.11,105,0,50-100
16,Andre Lott,CB,70,194,4.48,36.5,119.0,7.1,4.01,32,0,0-50
17,Andre Roberts,WR,71,195,4.4,36.0,120.0,6.77,4.15,180,3,150-200
18,Andre Woolfolk,CB,73,197,4.47,35.5,128.0,6.78,3.96,39,0,0-50
19,Andre' Davis,WR,73,194,4.42,39.5,123.0,6.77,4.1,104,0,50-100
20,Anquan Boldin,WR,73,216,4.72,33.5,114.0,7.35,4.33,202,3,150-200
21,Anthony Floyd,FS,69,202,4.6,33.5,117.0,7.09,4.2,17,0,0-50
22,Anthony Gonzalez,WR,72,193,4.44,38.0,123.0,6.54,4.08,40,0,0-50
23,Anthony Henry,CB,73,198,4.6,41.0,126.0,6.9,4.2,132,0,100-150
24,Anthony Malbrough,CB,69,184,4.44,35.5,117.0,6.73,4.0,9,0,0-50
25,Anthony Smith,FS,72,194,4.71,41.0,125.0,6.75,4.35,76,0,50-100
26,Antoine Bethea,FS,71,203,4.39,36.5,127.0,6.99,4.11,209,3,150-200
27,Antoine Cason,CB,72,191,4.45,35.5,128.0,7.300000191,4.08,110,0,50-100
28,Antonio Allen,SS,73,210,4.58,34.0,118.0,7.02,4.25,50,0,0-50
29,Antonio Brown,WR,70,186,4.56,33.5,105.0,6.98,4.18,146,7,100-150
30,Antonio Perkins,CB,71,190,4.49,40.0,126.0,7.17,4.07,6,0,0-50
31,Antwan Harris,CB,69,186,4.34,39.0,121.0,6.75,4.01,52,0,0-50
32,Antwaun Molden,CB,73,198,4.39,37.5,129.0,6.85,4.14,51,0,0-50
33,Aqib Talib,CB,73,202,4.44,38.0,131.0,6.82,4.22,148,5,100-150
36,Arnaz Battle,WR,73,217,4.58,35.0,117.0,6.74,4.06,113,0,100-150
37,Arnold Jackson,WR,68,167,4.48,41.0,127.0,7.42,4.11,32,0,0-50
38,Arturo Freeman,FS,72,188,4.5,35.5,124.0,6.91,4.38,74,0,50-100
39,Asa Jackson,CB,70,191,4.48,34.5,118.0,6.97,4.03,26,0,0-50
40,Asante Samuel,CB,71,185,4.49,35.5,120.0,6.95,4.14,157,4,100-150
41,Asher Allen,CB,69,194,4.48,35.0,115.0,6.93,4.3,36,0,0-50
42,Atari Bigby,SS,71,214,4.57,35.0,112.0,7.0,4.1,72,0,50-100
43,Austin Collie,WR,73,200,4.53,34.0,120.0,6.78,4.24,49,0,0-50
44,Austin Pettis,WR,75,209,4.56,33.5,120.0,6.68,3.88,47,0,0-50
47,Barry Church,SS,73,222,4.69,36.0,121.0,6.65,4.17,117,0,100-150
48,Bashir Yamini,WR,75,191,4.53,33.0,130.0,7.09,4.18,6,0,0-50
49,Ben Kelly,CB,69,183,4.53,36.0,116.0,6.63,3.95,13,0,0-50
51,Bernard Berrian,WR,73,183,4.58,38.0,128.0,7.34,4.18,109,0,50-100
52,Bhawoh Jue,CB,72,199,4.54,34.5,113.0,7.21,4.27,79,0,50-100
53,Bill Bentley,CB,70,182,4.42,31.5,114.0,6.99,4.5,20,0,0-50
54,Blair White,WR,74,209,4.49,33.5,115.0,6.69,4.03,20,0,0-50
55,Bob Sanders,SS,68,204,4.35,41.5,128.0,6.7,3.91,50,2,0-50
56,Bobby Myers,FS,73,183,4.56,37.5,123.0,7.04,4.1,17,0,0-50
58,Bobby Wade,WR,70,193,4.66,34.5,115.0,7.01,4.11,102,0,50-100
60,Bradley Fletcher,CB,72,196,4.44,38.5,122.0,7.04,4.29,73,0,50-100
61,Brandon Banks,WR,67,149,4.37,31.0,113.0,6.88,4.29,41,0,0-50
63,Brandon Burton,CB,72,190,4.5,32.0,118.0,6.93,4.07,19,0,0-50
64,Brandon Ghee,CB,72,192,4.37,37.0,127.0,6.75,4.07,29,0,0-50
65,Brandon Harris,CB,69,191,4.46,35.5,113.0,6.77,4.12,42,0,0-50
67,Brandon Jennings,FS,72,198,4.51,38.0,123.0,6.91,4.14,20,0,0-50
68,Brandon Jones,WR,73,210,4.42,37.0,114.0,7.03,4.08,59,0,50-100
69,Brandon LaFell,WR,74,211,4.58,36.0,115.0,6.81,4.23,125,0,100-150
70,Brandon McDonald,CB,71,181,4.58,33.0,118.0,7.44,4.76,80,0,50-100
71,Brandon Meriweather,FS,71,195,4.47,35.0,111.0,7.06,4.33,112,2,100-150
72,Brandon Taylor,SS,71,209,4.52,33.5,118.0,7.32,4.37,4,0,0-50
73,Brandon Underwood,FS,73,198,4.48,36.5,125.0,7.0,4.2,23,0,0-50
74,Brandyn Thompson,CB,69,189,4.5,33.5,114.0,6.66,4.12,6,0,0-50
75,Brian Hartline,WR,74,195,4.49,34.5,120.0,6.65,4.12,104,0,50-100
76,Brian Jackson,CB,73,202,4.65,35.5,120.0,6.76,4.22,13,0,0-50
77,Brian Quick,WR,75,220,4.5,34.0,119.0,7.1,4.23,84,0,50-100
79,Bruce Branch,CB,70,192,4.53,35.0,119.0,7.12,4.47,1,0,0-50
80,Bruce Johnson,CB,69,170,4.42,34.5,125.0,6.71,4.05,22,0,0-50
81,Bryant McFadden,CB,72,193,4.44,38.5,130.0,7.300000191,4.04,96,0,50-100
82,Buster Skrine,CB,69,186,4.37,37.0,122.0,6.44,3.9,158,0,100-150
83,C.J. Spillman,FS,72,197,4.45,41.5,122.0,7.05,4.33,85,0,50-100
84,Calvin Lowry,SS,71,200,4.54,36.0,120.0,7.16,4.2,43,0,0-50
85,Captain Munnerlyn,CB,68,182,4.41,37.5,121.0,7.15,4.2,154,0,100-150
87,Carlos Francis,WR,69,198,4.33,38.5,114.0,6.97,4.06,5,0,0-50
88,Carlos Rogers,CB,72,196,4.44,40.5,126.0,6.48,3.82,133,1,100-150
89,Carlton Mitchell,WR,75,215,4.46,36.0,122.0,6.96,4.55,16,0,0-50
90,Casey Hayward,CB,71,192,4.47,34.0,119.0,6.76,3.9,152,2,100-150
91,Cecil Shorts,WR,72,205,4.5,34.5,114.0,6.5,4.07,70,0,50-100
92,Cedric Griffin,FS,72,199,4.51,35.5,125.0,6.84,4.1,89,0,50-100
93,Chad Jackson,WR,73,213,4.32,38.5,122.0,6.73,3.97,18,0,0-50
94,Chad Johnson,WR,73,192,4.57,33.0,108.0,7.51,4.14,166,6,150-200
95,Chad Nkang,SS,71,220,4.52,36.5,118.0,7.1,4.34,23,0,0-50
96,Chad Owens,WR,67,183,4.62,37.0,116.0,6.7,3.94,6,0,0-50
97,Chad Williams,SS,69,207,4.58,36.5,121.0,6.96,4.400000095,79,0,50-100
99,Charles Godfrey,CB,72,207,4.43,32.5,121.0,7.28,4.4,95,0,50-100
100,Charles Gordon,CB,70,183,4.6,35.5,115.0,6.95,4.2,33,0,0-50
101,Charles Lee,WR,73,202,4.56,35.5,125.0,7.3,4.25,44,0,0-50
102,Charles Mitchell,SS,71,202,4.56,37.0,127.0,6.93,4.22,10,0,0-50
103,Charles Tillman,CB,73,207,4.49,40.0,131.0,7.05,3.89,168,2,150-200
104,Charlie Peprah,SS,71,206,4.66,37.5,119.0,6.81,4.09,74,0,50-100
106,Chevis Jackson,CB,72,192,4.52,36.0,125.0,6.96,4.15,33,0,0-50
108,Chris Cole,WR,72,191,4.37,37.5,125.0,6.76,4.09,35,0,0-50
109,Chris Coleman,WR,72,211,4.61,32.5,110.0,6.79,4.1,29,0,0-50
110,Chris Conte,FS,74,197,4.52,35.5,127.0,7.01,4.19,104,0,50-100
111,Chris Cook,CB,74,212,4.45,38.0,132.0,6.88,4.23,40,0,0-50
112,Chris Culliver,CB,72,199,4.36,38.5,123.0,6.88,4.08,52,0,0-50
113,Chris Givens,WR,71,198,4.35,33.5,118.0,6.97,4.23,60,0,50-100
114,Chris Horton,SS,72,212,4.54,28.5,109.0,7.34,4.35,29,0,0-50
115,Chris Houston,CB,70,185,4.32,36.0,122.0,6.94,4.12,99,0,50-100
116,Chris McKenzie,CB,68,185,4.32,45.0,136.0,6.9,4.32,3,0,0-50
117,Chris Owens,CB,70,181,4.44,34.5,110.0,6.93,4.16,87,0,50-100
118,Chris Owusu,WR,72,196,4.36,40.5,129.0,6.85,4.11,25,0,0-50
119,Christian Thompson,FS,72,211,4.42,31.5,122.0,7.33,4.13,7,0,0-50
120,Chykie Brown,CB,71,190,4.49,36.5,120.0,6.5,4.0,59,0,50-100
121,Clarence Moore,WR,78,211,4.55,34.0,122.0,6.84,4.16,29,0,0-50
123,Cody Grimm,SS,71,203,4.55,35.5,117.0,6.58,4.400000095,23,0,0-50
124,Corey White,SS,71,206,4.53,37.5,126.0,6.72,4.22,66,0,50-100
125,Cornelius Brown,CB,71,198,4.59,31.5,118.0,6.87,4.24,10,0,0-50
126,Cortez Allen,CB,73,197,4.5,35.5,129.0,6.76,4.01,56,0,50-100
127,Coty Sensabaugh,CB,71,189,4.33,37.0,122.0,6.6,4.06,107,0,50-100
128,Courtney Greene,SS,72,212,4.55,34.5,116.0,7.35,4.16,30,0,0-50
129,Courtney Roby,WR,72,189,4.41,36.5,126.0,6.6,3.94,92,0,50-100
130,Courtney Taylor,WR,74,204,4.5,36.0,122.0,7.22,4.28,18,0,0-50
131,Coy Wire,SS,72,209,4.56,38.5,120.0,6.62,3.87,127,0,100-150
132,Coye Francies,CB,72,185,4.63,36.0,123.0,6.81,4.24,23,0,0-50
133,Craig Dahl,SS,74,216,4.55,35.0,122.0,6.69,4.26,117,0,100-150
134,Crezdon Butler,CB,72,191,4.43,39.5,121.0,7.08,4.23,46,0,0-50
135,Curry Burns,SS,72,216,4.56,36.0,120.0,7.04,4.16,11,0,0-50
136,Curtis Brown,CB,72,185,4.51,39.5,128.0,6.59,4.0,34,0,0-50
137,Curtis DeLoatch,CB,74,214,4.5,35.5,120.0,6.97,4.42,45,0,0-50
138,Curtis Fuller,FS,70,186,4.45,36.0,114.0,7.2,4.21,42,0,0-50
139,Curtis Marsh,CB,72,197,4.42,37.5,123.0,6.87,4.07,26,0,0-50
140,Curtis Taylor,FS,74,209,4.49,37.5,129.0,7.25,4.23,13,0,0-50
144,D.J. Johnson,CB,73,197,4.5,32.0,116.0,7.0,4.3,17,0,0-50
145,Da'Norris Searcy,SS,71,223,4.55,33.0,120.0,6.87,4.09,109,0,50-100
146,DaJuan Morgan,FS,72,205,4.5,33.0,119.0,7.12,4.41,30,0,0-50
149,Damian Williams,WR,73,197,4.52,38.0,118.0,6.79,4.24,57,0,50-100
150,Dane Sanzenbacher,WR,71,182,4.56,33.5,118.0,6.46,3.97,41,0,0-50
151,Danieal Manning,CB,71,202,4.48,39.0,123.0,7.23,4.07,128,0,100-150
152,Daniel Bullocks,SS,72,212,4.38,38.0,124.0,6.91,4.16,31,0,0-50
155,Dante Hughes,CB,70,190,4.56,28.5,114.0,7.28,4.43,53,0,0-50
156,Dante Wesley,CB,73,211,4.43,35.0,116.0,7.25,4.22,107,0,50-100
157,Darcel McBath,FS,72,198,4.53,38.0,119.0,6.8,4.16,37,0,0-50
158,Daren Stone,SS,75,218,4.58,39.0,132.0,7.13,4.44,20,0,0-50
159,Darian Stewart,SS,71,213,4.53,37.0,122.0,7.300000191,4.32,143,1,100-150
160,Darius Butler,CB,70,183,4.41,43.0,134.0,6.92,4.18,124,0,100-150
161,Darius Reynaud,WR,69,201,4.48,34.5,130.0,6.88,4.32,48,0,0-50
163,Darnell Jenkins,WR,69,187,4.52,26.5,115.0,7.33,4.37,1,0,0-50
164,Darrell Hunter,CB,72,206,4.44,36.0,123.0,7.300000191,4.11,3,0,0-50
165,Darrent Williams,CB,69,176,4.3,39.0,124.0,6.97,3.96,27,0,0-50
166,Darrick Vaughn,CB,71,196,4.53,36.5,121.0,7.09,4.16,48,0,0-50
167,Darrius Heyward-Bey,WR,74,210,4.3,38.5,126.0,6.8,4.18,144,0,100-150
168,Dashon Goldson,FS,74,205,4.6,34.5,115.0,7.37,4.46,127,2,100-150
169,Daven Holly,CB,70,192,4.39,39.0,115.0,7.16,4.08,32,0,0-50
170,David Anderson,WR,70,192,4.57,34.0,116.0,6.88,4.2,51,0,0-50
171,David Barrett,CB,70,199,4.44,37.5,116.0,6.81,4.04,131,0,100-150
172,David Bruton,FS,74,219,4.4,41.5,132.0,6.6,4.28,108,0,50-100
174,David Gettis,WR,75,217,4.43,34.5,124.0,6.94,4.41,17,0,0-50
175,David Givens,WR,72,217,4.56,40.5,126.0,6.82,4.13,58,0,50-100
176,David Irons,CB,70,190,4.44,29.5,111.0,7.18,4.3,20,0,0-50
177,David Macklin,CB,69,194,4.54,37.5,120.0,6.9,4.09,120,0,100-150
179,David Reed,WR,72,191,4.56,37.0,114.0,6.95,4.38,36,0,0-50
182,Davon House,CB,72,200,4.44,33.5,109.0,6.65,4.12,87,0,50-100
183,Davone Bess,WR,70,194,4.64,31.5,118.0,6.97,4.27,91,0,50-100
184,Dawan Landry,SS,73,220,4.64,37.5,124.0,7.300000191,4.27,130,0,100-150
186,DeAngelo Smith,CB,71,194,4.5,31.5,109.0,7.27,4.35,7,0,0-50
187,DeJuan Groce,CB,70,192,4.49,36.0,118.0,6.82,4.0,54,0,0-50
188,DeVier Posey,WR,74,211,4.39,36.5,123.0,7.03,4.15,26,0,0-50
189,Deion Branch,WR,69,191,4.47,36.0,117.0,6.71,3.78,140,0,100-150
190,Delano Howell,SS,71,210,4.61,33.0,120.0,6.97,4.15,12,0,0-50
191,Demarcus Faggins,CB,70,178,4.57,36.5,121.0,6.64,3.92,84,0,50-100
193,Demetrius Williams,WR,74,197,4.52,38.0,127.0,6.84,4.08,46,0,0-50
194,Denarius Moore,WR,72,194,4.43,36.0,118.0,6.78,4.15,57,0,50-100
195,Dennis Northcutt,WR,70,175,4.43,37.5,123.0,6.96,4.04,144,0,100-150
196,Dennis Weathersby,CB,73,204,4.38,38.0,125.0,7.14,4.13,4,0,0-50
197,Deon Butler,WR,70,182,4.31,34.5,118.0,7.01,4.48,35,0,0-50
199,Derek Pagel,FS,73,208,4.57,35.5,115.0,6.87,4.08,19,0,0-50
200,Derrick Martin,CB,70,202,4.5,40.0,127.0,6.72,3.95,73,0,50-100
202,Devin McCourty,CB,71,193,4.38,36.0,126.0,6.7,4.07,197,2,150-200
203,Devin Thomas,WR,74,216,4.41,28.0,126.0,7.15,4.26,55,0,0-50
204,Dexter Jackson,WR,69,182,4.33,29.5,122.0,6.81,4.38,7,0,0-50
205,Dexter McCluster,WR,69,172,4.53,37.5,118.0,7.300000191,4.06,89,1,50-100
206,Dexter Wynn,CB,69,175,4.49,39.0,123.0,6.7,3.9,47,0,0-50
207,Dez White,WR,73,218,4.62,37.5,124.0,6.91,4.09,82,0,50-100
208,Dezmon Briscoe,WR,74,207,4.66,33.0,115.0,7.1,4.57,25,0,0-50
210,Dominique Barber,FS,72,210,4.68,34.0,117.0,7.08,4.34,39,0,0-50
211,Dominique Franks,CB,71,194,4.46,33.5,117.0,7.32,4.33,52,0,0-50
212,Dominique Rodgers-Cromartie,CB,73,184,4.29,38.5,131.0,6.74,4.17,162,2,100-150
213,Domonique Foxworth,CB,71,184,4.34,41.0,125.0,6.78,3.89,78,0,50-100
214,Donald Jones,WR,72,214,4.46,41.0,119.0,6.9,4.2,35,0,0-50
215,Donald Strickland,CB,70,187,4.53,35.5,121.0,6.98,4.04,89,0,50-100
216,Donald Washington,CB,72,197,4.5,45.0,135.0,6.84,4.2,32,0,0-50
217,Donnie Nickey,FS,74,220,4.65,33.5,119.0,7.08,4.16,123,0,100-150
218,Doug Gabriel,WR,74,213,4.52,35.5,116.0,7.05,4.16,57,0,50-100
219,Duke Ihenacho,SS,72,213,4.67,35.0,122.0,6.78,4.22,36,0,0-50
220,Dunta Robinson,CB,71,186,4.34,36.0,120.0,6.97,3.75,139,0,100-150
221,Dwayne Bowe,WR,74,221,4.51,33.0,125.0,6.81,4.35,125,1,100-150
222,Dwayne Harris,WR,70,203,4.53,34.0,111.0,6.77,4.21,109,1,50-100
223,Dwight Lowery,CB,71,201,4.54,33.5,116.0,7.31,4.38,116,0,100-150
224,Earl Bennett,WR,71,209,4.48,26.0,110.0,7.15,4.22,78,0,50-100
225,Eddie Berlin,WR,71,191,4.43,39.5,122.0,6.78,4.08,62,0,50-100
226,Eddie Pleasant,SS,70,211,4.53,33.5,116.0,7.12,4.28,84,0,50-100
227,Eddie Royal,WR,70,184,4.39,36.0,124.0,7.07,4.34,116,0,100-150
228,Ellis Hobbs,CB,69,192,4.45,42.0,124.0,6.8,4.07,79,0,50-100
229,Emmanuel Sanders,WR,71,186,4.4,39.5,126.0,6.64,4.1,172,2,150-200
230,Eric Berry,FS,72,211,4.4,43.0,130.0,6.8,4.23,89,5,50-100
231,Eric Frampton,SS,71,204,4.61,34.5,122.0,6.84,4.17,91,0,50-100
232,Eric Hagg,FS,73,209,4.62,34.5,121.0,6.73,4.19,22,0,0-50
233,Eric Johnson,SS,72,215,4.6,38.0,121.0,6.96,4.17,74,0,50-100
234,Eric Joyce,CB,69,192,4.53,40.5,115.0,6.81,3.97,3,0,0-50
235,Eric Kelly,CB,70,199,4.46,36.0,120.0,7.24,4.18,48,0,0-50
237,Eric Smith,SS,73,209,4.63,40.0,127.0,6.89,4.1,96,0,50-100
238,Eric Weddle,SS,71,203,4.48,33.5,113.0,6.78,4.12,201,6,150-200
239,Eric Wright,CB,71,192,4.36,36.5,123.0,6.93,4.23,92,0,50-100
240,Erik Coleman,FS,70,200,4.64,35.5,117.0,7.03,4.14,123,0,100-150
241,Erik Olson,SS,73,208,4.63,35.0,115.0,6.81,4.21,14,0,0-50
242,Etric Pruitt,FS,72,197,4.57,39.5,116.0,7.15,4.0,9,0,0-50
243,Eugene Wilson,CB,70,192,4.48,38.0,122.0,7.18,4.05,96,0,50-100
244,Fabian Washington,CB,70,188,4.29,41.5,129.0,7.300000191,3.91,81,0,50-100
245,Fred Bennett,CB,73,196,4.46,38.5,125.0,6.67,4.3,49,0,0-50
246,Freddie Mitchell,WR,71,185,4.46,39.5,120.0,6.95,4.06,63,0,50-100
247,Gary Baxter,CB,74,204,4.53,37.5,122.0,7.39,4.21,62,0,50-100
248,George Iloka,FS,76,225,4.6,34.5,124.0,7.03,4.03,103,0,50-100
250,Gerald Alexander,FS,72,210,4.51,41.0,124.0,7.24,4.21,44,0,0-50
251,Gerome Sapp,SS,72,216,4.64,36.5,112.0,7.13,4.3,67,0,50-100
252,Glover Quin,FS,71,204,4.5,38.0,119.0,7.39,4.43,159,1,100-150
253,Golden Tate,WR,70,199,4.42,35.0,120.0,7.12,4.34,160,1,100-150
254,Greg Jennings,WR,71,197,4.42,36.5,117.0,6.68,4.16,143,2,100-150
255,Greg Little,WR,74,231,4.51,40.5,129.0,6.8,4.21,54,0,0-50
257,Greg Salas,WR,73,210,4.53,37.0,120.0,6.65,4.1,29,0,0-50
259,Hank Baskett,WR,75,224,4.5,35.0,119.0,6.79,4.17,67,0,50-100
260,Hank Poteat,CB,70,197,4.57,37.0,126.0,6.66,4.0,110,0,50-100
261,Harold Blackmon,CB,71,210,4.54,37.0,121.0,7.03,4.28,9,0,0-50
262,Harrison Smith,SS,74,213,4.54,34.0,122.0,6.63,4.12,153,6,100-150
263,Harry Douglas,WR,71,176,4.51,31.0,120.0,6.57,4.12,118,0,100-150
264,Herb Haygood,WR,71,193,4.45,33.0,114.0,6.65,4.26,4,0,0-50
265,Husain Abdullah,FS,72,204,4.63,32.5,115.0,7.07,4.400000095,97,0,50-100
266,Idrees Bashir,FS,74,206,4.56,40.0,126.0,7.14,4.2,71,0,50-100
267,JaJuan Dawson,WR,73,199,4.55,34.0,117.0,6.96,4.16,30,0,0-50
268,Jack Brewer,FS,72,194,4.59,37.0,122.0,6.9,4.24,40,0,0-50
269,Jacoby Ford,WR,69,186,4.28,33.5,115.0,7.0,4.44,38,0,0-50
270,Jacoby Jones,WR,75,210,4.5,34.0,129.0,7.03,4.31,128,1,100-150
271,Jaiquawn Jarrett,FS,72,198,4.62,30.0,113.0,6.95,4.14,47,0,0-50
272,Jalil Brown,CB,73,204,4.52,35.5,116.0,6.85,4.25,47,0,0-50
274,Jamar Adams,SS,74,212,4.59,34.0,121.0,6.9,4.49,8,0,0-50
275,Jamar Newsome,WR,72,200,4.46,38.5,129.0,6.83,4.22,8,0,0-50
276,Jamarca Sanford,SS,70,214,4.43,33.5,116.0,7.02,4.2,95,0,50-100
278,Jamell Fleming,CB,71,206,4.43,34.0,125.0,6.71,3.97,46,0,0-50
279,James Boyd,SS,71,207,4.59,32.5,117.0,7.29,4.24,26,0,0-50
280,James Butler,FS,74,213,4.51,40.5,127.0,7.1,3.98,101,0,50-100
281,James Hardy,WR,77,217,4.45,31.5,125.0,6.84,4.2,16,0,0-50
282,James Jones,WR,73,207,4.54,34.0,119.0,7.06,4.2,136,0,100-150
285,James Williams,WR,71,180,4.59,36.0,123.0,7.22,4.16,48,1,0-50
286,James Williams,WR,71,180,4.59,36.0,123.0,7.22,4.16,30,0,0-50
287,Jamie Henderson,CB,73,202,4.48,40.5,125.0,6.9,4.12,32,0,0-50
289,Jarett Dillard,WR,70,191,4.5,42.5,129.0,7.1,4.41,21,0,0-50
290,Jarius Wright,WR,70,182,4.39,38.0,120.0,6.93,4.03,111,0,100-150
291,Jarrad Page,SS,72,239,4.63,38.0,127.0,6.68,4.14,74,0,50-100
292,Jarrett Boykin,WR,74,217,4.62,36.0,123.0,7.12,4.28,39,0,0-50
293,Jarrod Cooper,SS,72,222,4.45,41.5,130.0,6.87,3.9,87,0,50-100
294,Jason Allen,FS,73,209,4.39,39.5,131.0,6.75,3.81,98,0,50-100
295,Jason Carter,WR,72,211,4.6,33.0,116.0,6.89,4.21,1,0,0-50
296,Jason Goss,CB,70,183,4.58,32.5,117.0,7.46,4.31,4,0,0-50
297,Jason Hill,WR,72,204,4.32,37.0,123.0,7.02,4.22,54,0,0-50
298,Jason McAddley,WR,73,203,4.47,36.5,123.0,6.83,4.09,34,0,0-50
299,Jason Webster,CB,69,180,4.42,35.5,122.0,6.76,3.98,90,0,50-100
300,Javin Hunter,WR,71,186,4.47,41.0,129.0,6.84,4.04,12,0,0-50
301,Javon Walker,WR,75,210,4.38,39.5,128.0,6.86,4.05,83,1,50-100
303,Jeff Maehl,WR,73,190,4.56,33.5,115.0,6.42,3.94,27,0,0-50
304,Jeff Shoate,CB,70,189,4.62,36.0,121.0,7.0,3.88,14,0,0-50
305,Jerametrius Butler,CB,70,173,4.57,36.0,121.0,7.22,4.4,70,0,50-100
306,Jermaine Kearse,WR,73,209,4.5,34.0,119.0,7.03,4.12,99,0,50-100
307,Jermale Hines,SS,73,219,4.59,31.0,113.5999985,6.9,4.21,10,0,0-50
308,Jerome Carter,SS,71,220,4.47,35.0,121.0,7.18,4.04,33,0,0-50
309,Jerome Murphy,CB,72,196,4.5,38.0,127.0,6.87,4.05,33,0,0-50
310,Jerome Simpson,WR,74,199,4.42,37.5,136.0,7.08,4.52,63,0,50-100
311,Jerraud Powers,CB,69,188,4.43,36.5,122.0,7.09,4.08,100,0,50-100
312,Jerrel Jernigan,WR,69,185,4.46,37.5,124.0,7.07,4.25,34,0,0-50
313,Jerrell Jackson,WR,72,196,4.5,41.0,127.0,6.82,4.11,1,0,0-50
314,Jerricho Cotchery,WR,72,212,4.54,36.0,121.0,6.93,3.91,175,0,150-200
315,Jerron McMillian,SS,71,203,4.47,36.5,120.0,6.69,4.22,28,0,0-50
316,Jerron Wishom,CB,72,193,4.5,38.0,118.0,6.81,4.07,5,0,0-50
317,Jimmy Smith,CB,74,211,4.42,36.0,123.0,6.93,4.06,128,0,100-150
318,Joe Burnett,CB,69,192,4.58,35.5,118.0,6.68,4.25,15,0,0-50
319,Joe Haden,CB,71,193,4.52,35.0,125.0,6.94,4.34,158,3,100-150
320,Joe Lefeged,SS,72,210,4.42,36.5,122.0,6.82,4.13,36,0,0-50
321,Joey Thomas,CB,73,195,4.44,38.5,122.0,6.82,3.88,31,0,0-50
322,John Howell,FS,72,204,4.64,37.0,121.0,6.87,4.12,64,0,50-100
324,John Wendling,FS,73,222,4.48,38.5,129.0,6.96,4.16,110,0,50-100
325,Johnathan Joseph,CB,71,193,4.31,37.0,123.0,6.92,4.23,211,2,150-200
326,Johnnie Lee Higgins,WR,71,186,4.48,36.5,122.0,6.62,4.32,60,0,50-100
327,Johnnie Morant,WR,76,229,4.51,41.0,130.0,7.34,4.22,15,0,0-50
328,Johnny Knox,WR,71,185,4.34,35.0,122.0,6.81,4.15,45,1,0-50
329,Johnny Patrick,CB,71,191,4.59,32.0,110.0,7.300000191,4.16,37,0,0-50
331,Jon McGraw,SS,75,208,4.5,39.5,126.0,6.51,3.92,122,0,100-150
333,Jonathan Wade,CB,70,195,4.36,40.5,126.0,7.07,4.4,61,0,50-100
334,Jordan Norwood,WR,71,179,4.58,38.0,119.0,6.8,4.2,42,0,0-50
335,Jordan White,WR,72,208,4.63,35.0,119.0,6.84,4.13,3,0,0-50
336,Jordy Nelson,WR,75,217,4.51,31.0,123.0,7.03,4.35,151,1,100-150
337,Josh Barrett,SS,74,223,4.34,31.5,121.0,7.07,4.27,25,0,0-50
338,Josh Bullocks,FS,72,209,4.46,37.5,118.0,7.09,4.08,90,0,50-100
339,Josh Gattis,FS,73,206,4.51,34.5,121.0,6.72,4.27,4,0,0-50
340,Josh Thomas,CB,70,191,4.46,38.5,126.0,6.99,4.15,51,0,0-50
341,Josh Wilson,CB,69,189,4.39,36.5,120.0,7.07,4.43,126,0,100-150
342,Joshua Moore,CB,71,188,4.5,36.5,122.0,6.74,4.07,3,0,0-50
343,Julio Jones,WR,75,220,4.34,38.5,135.0,6.66,4.25,150,7,100-150
344,Junior Hemingway,WR,73,225,4.48,35.5,124.0,6.59,3.98,31,0,0-50
345,Juron Criner,WR,74,224,4.66,38.0,117.0,7.15,4.3,13,0,0-50
346,Justin Bethel,FS,72,200,4.52,39.5,131.0,6.79,4.3,169,3,150-200
350,Justin McCareins,WR,74,209,4.51,41.0,129.0,7.06,3.99,114,0,100-150
351,Justin Rogers,CB,70,180,4.45,33.0,114.0,7.21,4.2,39,0,0-50
352,Justin Tryon,CB,69,190,4.42,32.5,119.0,7.41,4.28,63,0,50-100
353,Kam Chancellor,FS,75,231,4.62,32.0,116.0,7.36,4.41,109,4,50-100
354,Kareem Jackson,CB,70,196,4.4,37.5,118.0,6.92,4.14,185,0,150-200
355,Karl Paymah,CB,72,204,4.35,41.5,125.0,7.09,3.91,74,0,50-100
357,Kassim Osgood,WR,77,208,4.68,31.0,122.0,7.19,4.44,179,3,150-200
358,Keenan Burton,WR,72,201,4.44,38.5,125.0,6.77,4.2,22,0,0-50
359,Keenan Howry,WR,70,178,4.56,31.5,114.0,7.34,4.28,23,0,0-50
360,Keith Lewis,FS,72,204,4.6,37.0,121.0,7.28,4.07,76,0,50-100
362,Kelvin Hayden,CB,70,197,4.45,34.0,111.0,6.87,3.9,101,0,50-100
363,Kelvin Kight,WR,72,213,4.56,34.0,109.0,7.18,4.24,5,0,0-50
364,Ken Hamlin,FS,74,209,4.61,33.0,117.0,6.8,3.92,107,1,50-100
366,Kendall Wright,WR,70,196,4.49,38.5,121.0,6.93,4.18,82,0,50-100
367,Kendrick Lewis,FS,72,198,4.73,31.5,116.0,6.88,4.33,103,0,50-100
368,Kendrick Starling,WR,73,193,4.49,31.5,119.0,6.88,3.87,8,0,0-50
370,Kenny Britt,WR,75,218,4.47,37.0,124.0,7.300000191,4.47,116,0,100-150
371,Kenny McKinley,WR,72,189,4.37,37.0,113.0,6.96,4.1,8,0,0-50
372,Kenny Phillips,FS,74,212,4.48,32.5,121.0,6.97,4.27,59,0,50-100
373,Kenoy Kennedy,FS,73,221,4.71,33.5,113.0,7.08,4.38,115,0,100-150
375,Kerry Rhodes,FS,74,209,4.56,42.0,123.0,6.94,4.12,118,0,100-150
376,Keshawn Martin,WR,71,188,4.42,39.5,122.0,6.85,4.13,58,0,50-100
377,Kevin Barnes,CB,72,187,4.45,38.5,128.0,6.72,3.96,31,0,0-50
378,Kevin Garrett,CB,69,194,4.32,35.0,129.0,6.9,3.96,24,0,0-50
379,Kevin Kasper,WR,72,199,4.42,43.5,126.0,6.56,3.73,39,0,0-50
380,Kevin Ogletree,WR,72,196,4.36,36.0,122.0,6.67,4.08,69,0,50-100
381,Kevin Payne,FS,72,220,4.6,35.0,106.0,7.0,4.3,32,0,0-50
382,Kevin Robinson,WR,71,202,4.69,27.5,115.0,7.31,4.77,8,0,0-50
383,Kevin Rutland,CB,72,190,4.58,35.5,118.0,6.92,4.15,27,0,0-50
384,Ko Simpson,FS,73,209,4.45,40.5,122.0,7.09,4.17,41,0,0-50
385,Kris Richard,CB,71,186,4.47,39.5,120.0,7.300000191,4.15,39,0,0-50
386,Kyle McCarthy,SS,72,205,4.58,34.0,117.0,6.74,4.13,12,0,0-50
387,Kyle Williams,WR,70,188,4.4,33.0,118.0,7.0,4.19,39,0,0-50
388,LaTarence Dunbar,WR,71,196,4.52,34.0,122.0,7.41,4.35,5,0,0-50
389,LaVar Glover,CB,69,177,4.59,37.0,117.0,7.18,4.29,2,0,0-50
390,Lamont Reid,CB,71,195,4.53,40.5,124.0,7.18,4.28,10,0,0-50
391,Lardarius Webb,CB,70,179,4.35,36.5,121.0,6.77,4.1,127,0,100-150
392,Larry Asante,SS,72,212,4.62,37.5,118.0,7.0,4.17,39,0,0-50
393,Larry Foster,WR,70,198,4.55,37.0,121.0,6.88,4.06,37,0,0-50
394,Laurent Robinson,WR,74,199,4.38,39.0,127.0,6.83,4.28,59,0,50-100
395,Laveranues Coles,WR,71,192,4.41,34.0,115.0,6.89,4.39,153,1,100-150
396,Lee Mays,WR,73,190,4.55,32.5,119.0,7.08,4.17,49,0,0-50
397,Lendy Holmes,FS,72,206,4.65,32.0,112.0,7.28,4.32,8,0,0-50
398,Leodis McKelvin,CB,70,190,4.38,33.5,121.0,7.06,4.1,111,0,100-150
399,Leon Hall,CB,71,193,4.39,37.5,125.0,6.5,4.07,152,0,100-150
400,Leonard Hankerson,WR,73,209,4.4,36.0,117.0,6.94,4.21,41,0,0-50
401,Leonard Johnson,CB,70,196,4.62,32.0,120.0,6.96,4.15,83,0,50-100
402,Leonard Myers,CB,70,190,4.65,37.0,120.0,7.21,4.16,17,0,0-50
405,Ligarius Jennings,CB,69,202,4.67,34.0,120.0,7.07,4.03,18,0,0-50
406,Lloyd Harrison,CB,70,190,4.5,37.5,119.0,7.12,4.25,16,0,0-50
407,Louis Delmas,FS,71,202,4.52,37.0,126.0,6.67,4.17,78,0,50-100
410,Major Wright,FS,71,206,4.44,37.5,119.0,6.95,4.36,77,0,50-100
411,Malcolm Jenkins,CB,72,204,4.51,33.0,124.0,6.59,4.08,199,3,150-200
413,Marcus Gilchrist,CB,70,195,4.45,38.5,119.0,6.81,4.12,128,0,100-150
416,Marcus McCauley,CB,73,203,4.39,36.0,129.0,6.61,4.17,27,0,0-50
418,Marcus Paschal,FS,72,201,4.59,33.0,113.5999985,7.31,4.72,5,0,0-50
419,Marcus Trufant,CB,71,199,4.38,39.0,127.0,6.87,4.32,136,1,100-150
420,Mardy Gilyard,WR,72,187,4.61,39.0,116.0,6.92,4.4,19,0,0-50
421,Mareno Philyaw,WR,74,205,4.66,39.5,129.0,6.93,4.13,1,0,0-50
423,Mario Manningham,WR,72,181,4.59,32.0,117.0,7.34,4.27,67,0,50-100
425,Mark Bradley,WR,73,201,4.37,39.5,128.0,6.96,3.98,57,0,50-100
426,Mark Clayton,WR,70,193,4.41,36.5,118.0,6.95,4.07,83,0,50-100
428,Marko Mitchell,WR,76,218,4.43,32.0,116.0,7.04,4.33,10,0,0-50
430,Marlin Jackson,CB,73,198,4.52,36.0,125.0,6.95,3.96,56,0,50-100
431,Marlon McCree,SS,71,197,4.62,38.0,117.0,7.36,4.1,114,0,100-150
432,Marques Colston,WR,77,224,4.5,37.0,123.0,6.94,4.43,146,0,100-150
435,Martin Nance,WR,76,213,4.55,33.5,112.0,6.91,4.08,1,0,0-50
436,Marviel Underwood,FS,70,205,4.45,38.0,118.0,7.12,4.21,16,0,0-50
437,Marvin Jones,WR,74,199,4.46,33.0,112.0,6.81,4.11,138,0,100-150
438,Marvin McNutt,WR,75,216,4.48,37.0,122.0,7.15,4.07,5,0,0-50
439,Matt Bowen,SS,73,201,4.49,33.0,115.0,7.06,4.09,77,0,50-100
440,Matt Grootegoed,SS,71,218,4.76,31.5,111.0,7.17,4.26,3,0,0-50
442,Maurice Stovall,WR,76,217,4.57,35.0,122.0,6.81,4.14,81,0,50-100
443,Mel Mitchell,FS,73,220,4.55,35.0,128.0,7.0,4.15,54,0,0-50
444,Michael Clayton,WR,75,209,4.67,32.5,116.0,6.77,4.09,95,0,50-100
445,Michael Coe,CB,73,190,4.53,35.0,122.0,6.78,4.31,38,0,0-50
446,Michael Griffin,SS,72,202,4.45,36.0,120.0,6.6,4.1,154,2,100-150
447,Michael Hamlin,SS,74,214,4.57,37.5,117.0,7.14,4.42,12,0,0-50
449,Michael Lehan,CB,72,196,4.48,34.5,119.0,6.95,4.15,67,0,50-100
450,Michael Lewis,SS,73,211,4.6,36.5,122.0,6.96,4.14,128,1,100-150
451,Michael Waddell,CB,71,187,4.31,37.5,121.0,6.84,4.03,33,0,0-50
452,Mike Brown,SS,70,204,4.59,36.0,116.0,6.93,4.01,116,1,100-150
453,Mike Harris,CB,70,188,4.52,36.0,117.0,6.81,4.07,48,0,0-50
454,Mike Harris,CB,70,188,4.52,36.0,117.0,6.81,4.07,36,0,0-50
456,Mike Jenkins,CB,70,197,4.38,34.0,117.0,7.21,4.4,101,1,50-100
458,Mike Thomas,WR,68,195,4.3,40.5,126.0,6.65,4.28,61,0,50-100
459,Mike Wallace,WR,72,199,4.33,40.0,129.0,6.9,4.27,144,1,100-150
460,Miles Austin,WR,74,215,4.47,40.5,123.0,7.09,4.14,129,2,100-150
461,Mohamed Sanu,WR,73,211,4.62,36.0,126.0,6.88,4.22,136,0,100-150
462,Morgan Trent,CB,73,193,4.5,38.0,127.0,7.05,4.01,36,0,0-50
463,Morris Claiborne,CB,71,188,4.5,34.5,118.0,7.01,4.12,85,0,50-100
464,Nate Burleson,WR,72,197,4.51,42.5,126.0,6.96,4.16,135,0,100-150
466,Nate Salley,FS,74,216,4.63,40.0,123.0,6.79,4.15,24,0,0-50
467,Nick Collins,CB,71,206,4.36,40.0,118.0,6.94,4.16,95,3,50-100
468,Niles Paul,WR,73,224,4.45,34.5,117.0,6.9,4.14,58,0,50-100
471,Omare Lowe,CB,73,196,4.58,35.5,118.0,6.65,3.97,43,0,0-50
474,Patrick Peterson,CB,72,219,4.31,38.0,126.0,6.58,4.07,176,8,150-200
475,Patrick Robinson,CB,71,190,4.46,39.0,122.0,6.78,4.400000095,123,0,100-150
477,Pierre Garcon,WR,72,210,4.42,36.5,125.0,6.9,4.19,148,0,100-150
478,Preston Parker,WR,71,199,4.59,35.0,117.0,7.300000191,4.16,45,0,0-50
479,Prince Amukamara,CB,72,206,4.38,38.0,128.0,6.97,4.08,113,0,100-150
480,Quentin Harris,FS,72,216,4.61,36.5,120.0,7.59,4.34,60,0,50-100
481,Quentin McCord,WR,70,191,4.48,36.5,112.0,7.17,4.18,25,0,0-50
482,Quintin Williams,FS,71,207,4.6,37.0,122.0,7.28,4.09,6,0,0-50
483,Quinton Carter,FS,73,208,4.57,34.5,121.0,7.05,4.06,30,0,0-50
484,Rahim Moore,FS,72,202,4.58,35.0,115.0,6.98,3.96,64,0,50-100
485,Ramses Barden,WR,78,229,4.51,33.5,118.0,7.300000191,4.26,29,0,0-50
486,Randall Cobb,WR,70,191,4.46,33.5,115.0,7.08,4.34,148,1,100-150
487,Rashad Baker,FS,70,204,4.5,36.0,117.0,7.19,4.12,52,0,0-50
488,Rashad Holman,CB,71,186,4.58,42.0,129.0,7.09,3.85,46,0,0-50
489,Rashad Johnson,FS,71,203,4.49,37.0,120.0,7.09,4.23,114,0,100-150
490,Rashad Washington,FS,74,223,4.61,34.0,116.0,7.06,4.02,47,0,0-50
491,Rashard Anderson,CB,74,206,4.55,34.0,123.0,7.18,4.15,27,0,0-50
492,Rashaun Woods,WR,74,202,4.47,39.0,125.0,6.93,3.97,14,0,0-50
493,Rasheed Marshall,WR,72,185,4.51,38.0,121.0,6.81,3.95,12,0,0-50
494,Rashidi Barnes,FS,72,208,4.62,35.0,114.0,6.92,4.32,14,0,0-50
495,Reche Caldwell,WR,72,194,4.53,41.5,130.0,7.0,4.1,71,0,50-100
496,Reed Doughty,FS,72,209,4.65,37.0,121.0,6.66,4.17,107,0,50-100
498,Reggie Brown,WR,74,196,4.45,41.5,128.0,6.99,3.94,72,0,50-100
499,Renaldo Hill,CB,71,178,4.68,35.5,116.0,7.07,4.18,141,0,100-150
501,Reno Mahe,WR,69,198,4.68,32.0,109.0,7.27,4.23,55,0,0-50
502,Reshad Jones,SS,73,214,4.51,39.5,118.0,7.43,4.54,128,2,100-150
503,Ricardo Lockette,WR,74,211,4.34,35.5,127.0,7.15,4.19,34,0,0-50
504,Rich Gardner,CB,71,199,4.46,36.5,123.0,6.91,3.91,28,0,0-50
505,Richard Marshall,CB,71,189,4.42,37.0,129.0,6.65,4.16,124,0,100-150
506,Richard Sherman,CB,75,195,4.54,38.0,125.0,6.82,4.33,144,5,100-150
507,Ricky Manning,CB,69,185,4.52,36.5,117.0,7.11,4.17,84,0,50-100
508,Rishard Matthews,WR,72,217,4.54,36.0,113.5999985,6.88,4.19,71,0,50-100
509,Robert Bean,CB,71,178,4.5,34.5,122.0,6.87,4.2,32,0,0-50
510,Robert Blanton,CB,73,208,4.66,34.0,116.0,6.71,3.97,72,0,50-100
511,Robert Carswell,FS,72,214,4.59,34.0,106.0,7.14,4.18,18,0,0-50
512,Robert Ferguson,WR,73,205,4.48,36.5,120.0,7.24,4.07,83,0,50-100
514,Robert Sands,FS,76,217,4.53,35.0,124.0,7.03,4.06,1,0,0-50
515,Roc Alexander,CB,71,185,4.35,39.5,125.0,6.97,4.23,27,0,0-50
517,Rogers Beckett,FS,73,207,4.62,39.5,119.0,6.48,4.29,71,0,50-100
518,Ron Johnson,WR,74,225,4.7,34.5,118.0,7.12,4.02,22,0,0-50
520,Rueben Randle,WR,75,210,4.55,31.0,121.0,6.99,4.36,64,0,50-100
521,Rufus Brown,CB,69,187,4.43,33.0,124.0,7.24,4.44,1,0,0-50
524,Ryan Whalen,WR,73,202,4.53,38.5,123.0,6.67,4.09,17,0,0-50
525,Ryne Robinson,WR,69,179,4.47,35.0,123.0,6.71,4.21,16,0,0-50
526,Sabby Piscitelli,SS,75,224,4.47,34.5,122.0,6.84,3.9,66,0,50-100
527,Sammie Stroughter,WR,69,189,4.45,30.0,110.0,7.03,4.28,33,0,0-50
528,Sammy Davis,CB,72,186,4.42,40.0,131.0,7.01,4.400000095,71,0,50-100
529,Scott Starks,CB,68,172,4.37,43.0,137.0,6.99,3.9,54,0,0-50
530,Scottie Montgomery,WR,72,196,4.57,36.0,117.0,7.16,4.11,27,0,0-50
531,Sean Cattouse,SS,74,211,4.74,34.0,114.0,6.99,4.15,2,0,0-50
532,Sean Considine,FS,72,212,4.5,37.0,117.0,7.09,3.92,99,0,50-100
533,Sean Richardson,SS,74,216,4.43,38.5,128.0,7.01,4.44,30,0,0-50
534,Sean Smith,CB,75,214,4.47,34.0,119.0,6.92,4.15,137,0,100-150
535,Seyi Ajirotutu,WR,75,204,4.6,36.0,115.0,7.22,4.39,70,0,50-100
536,Shane Walton,CB,71,184,4.67,31.0,109.0,7.05,4.29,4,0,0-50
537,Shaunard Harts,SS,72,200,4.56,34.5,119.0,7.14,4.400000095,51,0,0-50
538,Sheldon Brown,CB,70,196,4.47,36.5,120.0,7.0,4.24,175,0,150-200
539,Sherrod Martin,CB,73,198,4.43,36.0,123.0,6.6,3.98,84,0,50-100
540,Shiloh Keo,SS,71,219,4.74,32.5,110.0,6.55,3.9,56,0,50-100
541,Sidney Rice,WR,75,200,4.51,39.5,119.0,7.09,4.34,81,1,50-100
542,Simeon Castille,FS,72,195,4.63,31.5,119.0,7.07,4.36,9,0,0-50
543,Snoop Minnis,WR,73,171,4.57,37.5,115.0,7.06,4.07,15,0,0-50
544,Stanford Routt,CB,73,193,4.27,36.5,129.0,6.63,3.9,119,0,100-150
545,Stephen Burton,WR,73,221,4.5,34.5,117.0,7.04,4.31,19,0,0-50
546,Stephen Hill,WR,76,215,4.36,39.5,133.0,6.88,4.48,23,0,0-50
547,Stephen Williams,WR,76,210,4.5,36.5,125.0,6.81,4.11,19,0,0-50
548,Stephon Gilmore,CB,72,190,4.38,36.0,123.0,6.61,3.94,142,5,100-150
549,Steve Breaston,WR,72,193,4.46,33.0,124.0,6.9,4.29,86,0,50-100
551,Stuart Schweigert,FS,74,218,4.47,38.0,124.0,6.68,3.89,69,0,50-100
552,Syd'Quan Thompson,CB,69,186,4.75,33.0,117.0,6.73,4.26,13,0,0-50
553,Sylvester Morris,WR,75,216,4.6,34.5,119.0,7.06,4.17,15,0,0-50
556,Talman Gardner,WR,73,205,4.44,34.5,116.0,7.54,4.43,21,0,0-50
557,Tanard Jackson,FS,72,200,4.52,32.5,121.0,6.89,4.28,56,0,50-100
558,Tank Williams,FS,74,222,4.46,38.5,125.0,6.78,3.93,70,0,50-100
559,Tarell Brown,CB,71,190,4.45,33.5,111.0,7.0,4.37,117,0,100-150
560,Taylor Price,WR,72,204,4.4,37.0,114.0,6.82,4.34,6,0,0-50
561,Terence Newman,CB,70,189,4.37,41.0,136.0,6.88,3.83,221,2,200-330
562,Terrance Copper,WR,72,208,4.53,35.5,116.0,7.34,4.31,125,0,100-150
563,Terreal Bierria,FS,75,216,4.61,36.0,130.0,6.93,4.1,29,0,0-50
564,Terrell Roberts,CB,69,203,4.63,34.0,117.0,7.12,4.26,23,0,0-50
565,Terrell Thomas,CB,72,202,4.45,30.5,123.0,7.18,4.400000095,60,0,50-100
566,Terrence Frederick,CB,70,187,4.44,35.0,121.0,6.59,4.03,5,0,0-50
567,Terrence Holt,FS,74,208,4.55,34.5,122.0,6.99,4.03,71,0,50-100
568,Terrence Kiel,SS,71,204,4.46,38.0,127.0,6.88,3.96,59,0,50-100
569,Terrence McGee,CB,70,201,4.57,37.0,126.0,6.88,4.09,122,1,100-150
571,Terrence Wheatley,CB,70,187,4.37,36.5,128.0,6.74,4.17,12,0,0-50
572,Thomas Davis,FS,73,230,4.6,36.5,115.0,7.09,3.97,199,3,150-200
573,Thomas DeCoud,FS,73,207,4.5,35.5,122.0,6.85,4.27,104,1,50-100
574,Tim Carter,WR,72,190,4.32,39.0,126.0,6.68,3.93,71,0,50-100
575,Tiquan Underwood,WR,73,184,4.31,41.5,129.0,6.62,4.11,45,0,0-50
579,Tony Bua,SS,71,209,4.67,36.0,120.0,6.75,4.08,7,0,0-50
580,Tony Dixon,SS,73,213,4.63,37.0,117.0,7.38,4.400000095,56,0,50-100
582,Tony Scott,CB,70,193,4.5,34.0,116.0,7.45,4.24,23,0,0-50
584,Torrey Smith,WR,73,204,4.41,41.0,126.0,6.72,4.13,119,0,100-150
586,Tracy Porter,CB,71,188,4.37,34.0,123.0,7.2,4.07,98,0,50-100
587,Travares Tillman,FS,73,194,4.6,37.5,123.0,6.95,4.29,74,0,50-100
588,Travis Daniels,CB,73,194,4.54,35.0,120.0,6.95,3.97,107,0,50-100
589,Trent Gamble,FS,69,186,4.56,37.0,124.0,6.6,3.9,39,0,0-50
590,Trevard Lindley,CB,71,183,4.51,38.5,116.0,6.81,4.27,11,0,0-50
591,Trevin Wade,CB,70,192,4.52,34.5,116.0,6.87,4.0,47,0,0-50
592,Trevor Gaylor,WR,75,199,4.56,37.5,121.0,7.03,4.29,34,0,0-50
593,Triandos Luke,WR,71,199,4.51,38.0,124.0,7.06,4.17,10,0,0-50
596,Troy Walters,WR,66,171,4.55,32.5,106.0,6.61,3.84,98,0,50-100
597,Trumaine Johnson,CB,74,204,4.5,35.5,122.0,7.2,4.15,102,0,50-100
598,Trumaine McBride,CB,69,185,4.57,34.5,122.0,6.96,4.32,84,0,50-100
599,Tye Hill,CB,70,185,4.34,41.0,129.0,6.63,4.01,40,0,0-50
600,Tyler Sash,SS,72,211,4.62,33.0,108.0,6.9,4.27,23,0,0-50
601,Tyrone Calico,WR,76,223,4.34,38.0,127.0,6.73,4.26,27,0,0-50
602,Tyrone Carter,SS,68,190,4.5,41.0,121.0,6.75,4.19,158,0,100-150
603,Tyvon Branch,CB,71,204,4.31,34.0,120.0,7.300000191,4.4,106,0,50-100
604,Vincent Brown,WR,71,187,4.68,33.5,121.0,6.64,4.25,38,0,0-50
605,Von Hutchins,CB,70,185,4.46,34.5,115.0,7.05,4.06,38,0,0-50
606,Vontae Davis,CB,71,203,4.4,36.0,125.0,6.75,4.07,121,2,100-150
607,Walter Young,WR,77,214,4.54,39.0,121.0,6.9,4.25,9,0,0-50
608,Wesly Mallard,SS,74,221,4.49,41.0,122.0,6.81,4.07,59,0,50-100
609,Will Blackmon,CB,72,198,4.47,41.0,133.0,6.67,4.23,96,0,50-100
610,William Bartee,CB,73,192,4.43,38.5,124.0,6.7,3.99,87,0,50-100
611,William Moore,SS,72,221,4.49,37.0,123.0,6.81,4.26,76,1,50-100
612,Willie Andrews,SS,69,193,4.43,36.5,124.0,6.99,4.27,30,0,0-50
614,Willie Reid,WR,70,188,4.34,37.5,117.0,7.06,4.26,7,0,0-50
1,A.J. Hawk,OLB,73,248,4.59,40.0,115.0,6.82,3.96,159,0,100-150
2,A.J. Nicholson,OLB,73,252,4.88,33.09999847,116.0,7.37,4.43,2,0,0-50
3,Aaron Curry,OLB,74,254,4.52,37.0,124.0,7.15,4.51,48,0,0-50
4,Abdul Hodge,ILB,72,236,4.76,31.0,108.0,7.09,4.3,35,0,0-50
5,Adam Seward,ILB,74,248,4.6,36.5,120.0,7.16,4.11,43,0,0-50
6,Adrian Moten,OLB,74,228,4.53,31.0,114.0,7.05,4.21,13,0,0-50
8,Akeem Ayers,OLB,74,254,4.81,31.0,116.0,7.49,4.28,97,0,50-100
9,Akin Ayodele,OLB,74,257,4.81,35.0,121.0,7.0,4.12,143,0,100-150
11,Alfred Fincher,ILB,73,238,4.68,31.5,112.0,7.69,4.45,38,0,0-50
12,Ali Highsmith,OLB,72,230,4.95,26.5,112.0,7.4,4.29,20,0,0-50
14,Andre O'Neal,ILB,73,235,4.72,34.0,114.0,7.3,4.24,19,0,0-50
15,Angelo Crowell,ILB,72,236,4.73,32.5,113.5999985,7.08,4.29,65,0,50-100
16,Anthony Schlegel,ILB,72,250,4.88,32.0,111.0,7.41,4.38,17,0,0-50
17,Antwan Barnes,OLB,73,240,4.43,35.0,122.0,7.29,4.32,88,0,50-100
18,Antwan Peek,OLB,75,246,4.65,37.0,125.0,7.07,4.35,65,0,50-100
19,Arthur Moats,OLB,72,246,4.64,36.5,122.0,7.22,4.37,121,0,100-150
20,Audie Cole,ILB,76,246,4.76,35.0,114.0,6.96,4.29,57,0,50-100
21,Barrett Ruud,ILB,74,241,4.75,34.5,112.0,7.22,3.94,116,0,100-150
22,Ben Leber,OLB,75,244,4.62,32.5,114.0,6.75,4.25,143,0,100-150
23,Ben Taylor,ILB,74,236,4.83,35.5,120.0,6.56,4.09,49,0,0-50
24,Billy Strother,OLB,72,241,4.68,33.0,112.0,7.41,4.15,3,0,0-50
25,Boomer Grigsby,ILB,72,249,4.6,35.5,112.0,7.1,4.400000095,45,0,0-50
26,Bradie James,ILB,74,242,4.71,32.5,113.0,7.53,4.54,157,0,100-150
27,Brandon Chillar,OLB,75,253,4.71,33.0,115.0,7.300000191,4.08,97,0,50-100
28,Brandon Johnson,OLB,77,228,4.44,37.0,118.0,7.17,4.34,87,0,50-100
29,Brandon Spoon,ILB,74,245,4.75,35.5,110.0,7.3,4.15,14,0,0-50
30,Brian Cushing,OLB,75,243,4.64,35.0,120.0,6.84,4.22,104,1,50-100
31,Brian Rolle,OLB,70,229,4.53,33.0,115.0,6.89,4.26,20,0,0-50
32,Brian Urlacher,OLB,76,258,4.59,34.0,122.0,6.94,4.18,182,8,150-200
33,Brooks Reed,OLB,74,263,4.65,30.5,113.0,7.11,4.28,131,0,100-150
34,Bruce Davis,OLB,75,252,4.78,29.0,109.0,7.34,4.47,15,0,0-50
35,Bruce Irvin,OLB,75,245,4.41,33.5,123.0,6.7,4.03,131,0,100-150
36,Bruce Miller,OLB,73,254,4.81,31.0,113.0,7.05,4.34,85,0,50-100
37,Bryan Kehl,OLB,74,242,4.67,34.0,119.0,6.88,4.23,72,0,50-100
40,Caleb Miller,ILB,75,224,4.66,34.5,120.0,6.85,3.93,39,0,0-50
44,Chaun Thompson,OLB,74,240,4.58,35.5,123.0,7.01,4.22,98,0,50-100
45,Chris White,ILB,75,240,4.65,34.0,115.0,6.95,4.25,51,0,0-50
46,Clark Haggans,OLB,75,253,4.97,31.5,109.0,7.12,4.21,172,0,150-200
47,Clay Matthews,OLB,75,240,4.58,35.5,121.0,6.9,4.18,156,6,100-150
48,Cliff Avril,OLB,75,253,4.51,32.5,117.0,6.9,4.51,140,1,100-150
49,Clint Ingram,OLB,74,244,4.65,41.0,113.5999985,7.12,4.1,56,0,50-100
50,Clint Sintim,OLB,75,256,4.75,34.5,119.0,7.37,4.4,24,0,0-50
52,Cody Spencer,ILB,74,242,4.65,34.5,116.0,6.94,4.08,50,0,0-50
53,Colby Bockwoldt,OLB,74,230,4.6,34.0,112.0,7.12,4.05,49,0,0-50
54,Colin McCarthy,ILB,73,238,4.59,36.5,119.0,6.93,4.2,36,0,0-50
55,Connor Barwin,OLB,76,256,4.47,40.5,128.0,6.87,4.18,142,1,100-150
56,Corey Atkins,OLB,72,237,4.72,31.0,112.0,7.96,4.39,12,0,0-50
57,Cornelius Wortham,OLB,73,236,4.71,37.0,110.0,7.300000191,4.38,8,0,0-50
58,Courtland Bullard,OLB,75,234,4.69,36.5,123.0,6.99,4.28,20,0,0-50
59,Courtney Watson,OLB,73,237,4.56,36.5,114.0,7.39,4.35,21,0,0-50
60,Curtis Gatewood,OLB,74,248,4.72,28.5,111.0,6.9,4.22,7,0,0-50
61,Curtis Lofton,ILB,72,246,4.79,24.5,105.0,7.69,4.56,128,0,100-150
62,D'Qwell Jackson,ILB,72,230,4.73,37.0,116.0,7.05,4.36,141,1,100-150
63,D.J. Smith,OLB,71,239,4.71,31.0,104.0,7.35,4.45,24,0,0-50
64,DaShon Polk,OLB,74,233,4.75,32.0,111.0,7.43,4.45,95,0,50-100
65,Dannell Ellerbe,ILB,73,236,4.63,35.0,118.0,7.0,4.23,80,0,50-100
68,Darryl Blackstock,OLB,75,247,4.7,39.0,126.0,7.05,4.29,74,0,50-100
69,David Harris,ILB,74,243,4.59,33.0,107.0,7.25,4.29,164,0,100-150
70,David Thornton,OLB,74,236,4.62,35.5,117.0,6.93,4.09,121,0,100-150
71,DeMarcus Ware,OLB,76,251,4.56,38.5,122.0,6.83,4.07,178,9,150-200
72,DeMeco Ryans,OLB,73,236,4.65,39.0,129.0,7.19,4.17,140,2,100-150
73,Dekoda Watson,OLB,73,240,4.55,40.0,134.0,7.06,4.11,108,0,50-100
74,Demario Davis,OLB,74,235,4.49,38.5,124.0,7.19,4.28,170,0,150-200
75,Demorrio Williams,OLB,73,232,4.52,37.0,125.0,7.02,4.11,138,0,100-150
76,Dexter Davis,OLB,73,244,4.62,35.0,109.0,7.08,4.3,16,0,0-50
77,Dontarrious Thomas,OLB,74,241,4.57,38.5,129.0,7.300000191,4.0,63,0,50-100
79,Doug Hogue,OLB,74,235,4.62,36.0,121.0,7.09,4.57,27,0,0-50
81,Eric Norwood,OLB,73,245,4.71,36.5,115.0,7.08,4.23,28,0,0-50
82,Eric Westmoreland,OLB,72,236,4.63,36.5,115.0,7.47,4.21,44,0,0-50
83,Erin Henderson,OLB,75,244,4.73,31.0,113.0,7.16,4.5,85,0,50-100
84,Ernie Sims,OLB,71,231,4.5,41.0,125.0,7.31,4.22,109,0,50-100
85,Fred Jones,OLB,74,247,4.95,32.0,113.0,7.27,4.39,58,0,50-100
86,Freddy Keiaho,ILB,71,224,4.68,36.0,113.0,7.01,4.12,55,0,0-50
87,Gary Guyton,OLB,74,245,4.47,36.5,126.0,7.07,4.42,61,0,50-100
88,Geno Hayes,OLB,73,226,4.64,26.5,116.0,7.22,4.48,101,0,50-100
89,Gerald Hayes,ILB,73,238,4.75,30.5,107.0,7.57,4.35,94,0,50-100
90,Gerald McRath,ILB,74,231,4.49,34.0,123.0,7.24,4.35,40,0,0-50
91,Gerris Wilkinson,ILB,75,233,4.66,39.0,122.0,7.21,4.17,58,0,50-100
93,Ian Gold,OLB,73,221,4.56,33.0,115.0,6.97,4.19,115,1,100-150
95,Jamar Chaney,ILB,73,242,4.54,39.0,124.0,6.9,4.29,54,0,0-50
96,Jamar Williams,OLB,72,236,4.59,37.0,120.0,7.03,4.29,54,0,0-50
97,Jameel McClain,ILB,73,249,4.74,26.0,110.0,7.12,4.31,103,0,50-100
98,James Allen,OLB,75,240,4.62,38.0,126.0,7.59,4.21,48,0,0-50
99,James Anderson,OLB,75,229,4.59,41.0,121.0,6.67,4.07,123,0,100-150
100,James Laurinaitis,ILB,74,244,4.72,33.0,115.0,6.93,4.24,117,0,100-150
101,James-Michael Johnson,ILB,73,241,4.6,37.0,124.0,7.34,4.37,48,0,0-50
103,Jason Glenn,OLB,73,236,4.94,36.0,115.0,7.16,4.31,80,0,50-100
105,Jason Worilds,OLB,73,254,4.65,38.0,114.0,6.95,4.29,73,0,50-100
106,Jasper Brinkley,ILB,74,252,4.67,35.5,114.0,7.03,4.32,94,0,50-100
107,Jeff Ulbrich,ILB,72,249,4.65,32.0,109.0,7.23,4.3,120,0,100-150
108,Jeremy Loyd,OLB,74,235,4.64,34.0,114.0,6.9,4.15,14,0,0-50
109,Jerod Mayo,ILB,73,242,4.54,32.0,114.0,7.31,4.29,103,2,50-100
110,Jerry Hughes,OLB,74,255,4.65,34.5,118.0,6.99,4.15,193,0,150-200
111,Jon Alston,OLB,73,223,4.5,40.0,132.0,6.9,4.13,39,0,0-50
113,Jonathan Goff,ILB,74,245,4.63,31.5,118.0,6.86,4.26,37,0,0-50
114,Jonathan Massaquoi,OLB,74,264,4.81,33.5,120.0,7.38,4.53,39,0,0-50
115,Jonathan Welsh,OLB,75,244,4.61,40.5,130.0,7.83,4.22,6,0,0-50
117,Jordon Dizon,OLB,72,229,4.71,30.5,118.0,7.01,4.35,28,0,0-50
119,Josh Hull,ILB,75,237,4.93,32.5,115.0,6.86,4.07,39,0,0-50
120,Josh Thornhill,ILB,74,243,4.69,36.5,121.0,7.15,4.19,7,0,0-50
121,Junior Galette,OLB,74,257,4.77,33.5,113.0,7.04,4.16,80,0,50-100
123,Justin Durant,ILB,73,230,4.51,36.0,121.0,6.77,4.09,128,0,100-150
124,Justin Ena,ILB,75,247,4.71,34.0,116.0,6.78,4.11,47,0,0-50
126,Justin Houston,OLB,75,270,4.62,36.5,125.0,6.95,4.37,155,4,100-150
127,K.J. Wright,OLB,75,246,4.71,32.0,120.0,7.26,4.46,161,1,100-150
128,Kabeer Gbaja-Biamila,OLB,76,243,4.65,34.0,120.0,6.9,4.28,124,1,100-150
129,Kaluka Maiava,OLB,71,229,4.65,33.09999847,110.0,6.98,4.2,63,0,50-100
130,Kavell Conner,OLB,72,242,4.59,33.5,110.0,7.36,4.6,78,0,50-100
131,Kawika Mitchell,ILB,73,253,4.69,37.0,117.0,7.32,4.24,97,0,50-100
132,Keaton Kristick,OLB,75,234,4.7,34.0,120.0,6.96,4.21,6,0,0-50
133,Keith Bulluck,OLB,75,244,4.47,38.0,119.0,7.33,4.13,170,1,150-200
134,Keith Ellison,OLB,73,235,4.76,32.5,115.0,7.22,4.16,58,0,50-100
135,Keith Miller,ILB,73,246,4.97,27.5,110.0,7.37,4.43,23,0,0-50
136,Kelvin Sheppard,ILB,74,250,4.7,33.5,110.0,7.300000191,4.28,107,0,50-100
137,Kelvin Smith,ILB,74,240,4.8,32.0,110.0,7.19,4.42,7,0,0-50
138,Kendrell Bell,ILB,73,234,4.64,38.5,124.0,7.25,4.5,90,1,50-100
140,Kevin Bentley,OLB,72,243,4.68,39.0,120.0,6.71,3.83,136,0,100-150
141,Keyon Whiteside,ILB,72,229,4.8,29.0,111.0,7.32,4.34,12,0,0-50
142,Khalid Abdullah,OLB,74,227,4.61,36.5,126.0,7.13,4.25,16,0,0-50
143,Kion Wilson,ILB,72,239,4.87,36.5,123.0,7.300000191,4.53,15,0,0-50
144,Koa Misi,OLB,75,251,4.75,38.0,127.0,7.07,4.27,84,0,50-100
145,Kroy Biermann,OLB,75,246,4.85,31.5,112.0,7.08,4.56,114,0,100-150
147,Kyle Wilber,OLB,76,249,4.73,33.5,117.0,7.11,4.31,135,0,100-150
148,Lance Mitchell,ILB,74,247,4.85,33.5,113.5999985,7.49,4.38,12,0,0-50
149,Landon Johnson,OLB,74,227,4.65,37.5,120.0,7.0,4.08,101,0,50-100
150,Larry English,OLB,74,255,4.74,36.0,107.0,7.26,4.38,64,0,50-100
151,Larry Foote,OLB,73,231,4.83,30.0,113.5999985,7.18,4.41,187,0,150-200
152,Larry Grant,OLB,73,235,4.76,31.5,113.0,6.77,4.22,68,0,50-100
153,Lavonte David,OLB,73,233,4.57,36.5,119.0,7.28,4.22,159,1,100-150
154,Lawrence Timmons,OLB,73,234,4.66,35.0,123.0,6.89,4.32,172,1,150-200
158,Liam Ezekiel,ILB,72,249,4.81,34.5,118.0,7.27,4.12,2,0,0-50
159,Lofa Tatupu,ILB,72,238,4.83,35.0,113.0,7.31,4.16,84,3,50-100
160,Luke Kuechly,ILB,75,242,4.58,38.0,123.0,6.92,4.12,118,7,100-150
161,Manny Lawson,OLB,77,241,4.43,39.5,124.0,6.9,4.18,143,0,100-150
163,Mario Haggan,ILB,75,252,4.88,33.0,110.0,7.55,4.46,132,0,100-150
164,Mark Brown,ILB,72,238,4.82,37.5,121.0,7.37,4.21,28,0,0-50
165,Mark Herzlich,OLB,76,244,4.91,32.5,112.0,7.32,4.46,88,0,50-100
166,Mark Simoneau,OLB,72,237,4.6,36.0,117.0,7.08,4.09,124,0,100-150
167,Markus Steele,OLB,75,232,4.62,33.0,119.0,7.15,4.5,42,0,0-50
168,Marques Harris,OLB,73,231,4.71,40.5,117.0,7.19,4.07,64,0,50-100
169,Marquis Cooper,OLB,75,223,4.55,36.5,121.0,7.02,4.12,42,0,0-50
170,Martez Wilson,ILB,76,250,4.42,36.0,124.0,7.04,4.28,38,0,0-50
171,Marvin Mitchell,ILB,75,249,4.87,32.0,108.0,7.29,4.25,98,0,50-100
172,Mason Foster,OLB,73,245,4.75,31.0,110.0,7.14,4.45,107,0,50-100
173,Melvin Ingram,OLB,73,264,4.69,34.5,109.0,6.83,4.18,138,3,100-150
174,Michael Boley,OLB,75,236,4.56,34.0,113.0,7.08,4.12,131,0,100-150
176,Mike Mohamed,ILB,75,239,4.65,32.0,115.0,6.7,4.0,26,0,0-50
177,Moise Fokou,OLB,73,233,4.65,31.0,121.0,7.09,4.28,73,0,50-100
178,Morlon Greenwood,OLB,72,237,4.69,33.5,112.0,7.62,4.08,125,0,100-150
180,Mychal Kendricks,ILB,71,239,4.44,39.5,127.0,7.300000191,4.19,104,0,50-100
181,Napoleon Harris,OLB,75,253,4.55,34.0,115.0,7.15,4.44,100,0,50-100
182,Nate Harris,OLB,72,230,4.6,32.0,107.0,7.19,4.52,15,0,0-50
183,Nate Triplett,OLB,75,250,4.7,33.0,115.0,7.02,4.37,8,0,0-50
186,Nic Harris,OLB,74,234,4.83,31.5,109.0,7.05,4.37,30,0,0-50
187,Nick Barnett,OLB,74,236,4.67,34.5,123.0,7.0,4.08,153,0,100-150
188,Nick Bellore,ILB,73,245,4.84,32.5,109.0,6.98,4.0,177,1,150-200
189,Nick Rogers,OLB,74,251,4.73,36.0,117.0,7.02,4.19,46,0,0-50
190,Nigel Bradham,OLB,74,241,4.56,37.0,121.0,7.18,4.37,116,0,100-150
191,Niko Koutouvides,ILB,74,244,4.71,30.5,108.0,6.98,3.88,125,0,100-150
192,Odell Thurman,ILB,72,233,4.62,34.0,114.0,7.47,4.400000095,16,0,0-50
193,Oliver Hoyte,ILB,75,245,4.93,32.0,112.0,7.47,4.3,22,0,0-50
194,Omar Gaither,OLB,73,234,4.78,37.0,116.0,7.31,4.28,92,0,50-100
196,Pat Angerer,ILB,72,235,4.71,35.0,110.0,7.04,4.29,54,0,0-50
197,Patrick Chukwurah,OLB,74,238,4.77,40.0,119.0,7.34,4.21,78,0,50-100
198,Patrick Willis,ILB,73,242,4.51,39.0,119.0,7.23,4.46,112,7,100-150
199,Paul Posluszny,OLB,74,238,4.7,37.0,116.0,6.94,4.2,145,1,100-150
200,Perry Riley,OLB,73,239,4.69,35.5,119.0,6.97,4.25,90,0,50-100
201,Peter Sirmon,ILB,74,246,4.84,34.5,115.0,7.21,4.27,81,0,50-100
202,Philip Wheeler,ILB,74,248,4.76,31.0,118.0,7.11,4.29,133,0,100-150
203,Phillip Dillard,ILB,72,245,4.65,31.5,106.0,7.16,4.43,7,0,0-50
204,Pisa Tinoisamoa,OLB,72,231,4.65,34.5,111.0,6.97,4.07,98,0,50-100
205,Prescott Burgess,OLB,75,240,4.82,32.5,106.0,7.01,4.31,40,0,0-50
207,Quentin Groves,OLB,75,259,4.53,29.5,120.0,7.31,4.42,100,0,50-100
208,Quincy Black,OLB,74,240,4.42,41.5,124.0,6.86,4.34,81,0,50-100
209,Quincy Monk,ILB,75,250,4.82,33.5,113.0,7.48,4.38,15,0,0-50
210,Quinton Caver,ILB,76,227,4.67,37.5,118.0,7.66,4.25,53,0,0-50
212,Rian Wallace,OLB,74,241,4.73,35.5,112.0,7.45,3.94,16,0,0-50
214,Rob Morris,ILB,74,250,4.77,33.0,113.0,6.93,4.17,99,0,50-100
215,Robert Reynolds,ILB,75,251,4.76,32.5,116.0,7.17,3.94,33,0,0-50
216,Rocky Boiman,OLB,76,242,4.6,35.0,122.0,6.86,4.05,103,0,50-100
217,Roddrick Muckelroy,OLB,74,246,4.68,31.0,110.0,7.25,4.39,19,0,0-50
218,Ronnell Lewis,OLB,74,253,4.65,31.0,112.0,7.09,4.4,8,0,0-50
221,Ryan Fowler,ILB,75,250,4.8,37.5,118.0,7.19,4.19,70,0,50-100
222,Sam Acho,OLB,74,262,4.67,33.5,112.0,6.69,4.32,110,0,50-100
223,Scott Fujita,OLB,77,248,4.64,42.0,122.0,7.09,4.21,143,0,100-150
224,Scott Lutrus,OLB,74,241,4.68,38.0,121.0,6.89,4.09,4,0,0-50
225,Scott McKillop,ILB,73,244,4.7,35.5,119.0,7.0,4.39,16,0,0-50
226,Scott Shanle,OLB,74,245,4.72,31.0,111.0,7.27,4.32,133,0,100-150
228,Sean Tufts,OLB,76,242,4.61,34.5,118.0,6.94,3.94,15,0,0-50
229,Sean Weatherspoon,OLB,73,239,4.62,40.0,123.0,6.99,4.38,67,0,50-100
230,Sedrick Hodge,OLB,76,244,4.49,32.0,120.0,7.300000191,4.09,63,0,50-100
231,Sekou Sanyika,OLB,75,241,4.75,32.5,111.0,7.33,4.38,32,0,0-50
234,Shea McClellin,OLB,75,260,4.62,31.5,118.0,7.07,4.33,66,0,50-100
235,Solomon Bates,ILB,73,243,4.89,30.0,112.0,7.23,4.34,17,0,0-50
237,Spencer Larsen,ILB,74,238,4.85,28.5,113.0,7.68,4.55,63,0,50-100
238,Stanford Keglar,OLB,74,239,4.58,34.0,126.0,6.7,3.98,35,0,0-50
241,Stephen Nicholas,OLB,73,232,4.64,33.5,110.0,7.29,4.45,101,0,50-100
242,Stephen Tulloch,ILB,71,241,4.84,33.5,113.0,7.19,4.15,159,0,100-150
243,Steven Johnson,OLB,72,239,4.71,36.0,113.0,7.32,4.38,74,0,50-100
244,Stewart Bradley,OLB,76,254,4.72,35.5,112.0,7.29,4.17,76,0,50-100
245,T.J. Hollowell,OLB,72,235,4.64,33.5,117.0,7.14,4.09,6,0,0-50
246,T.J. Slaughter,ILB,72,247,4.87,30.0,112.0,7.08,4.26,78,0,50-100
247,Tahir Whitehead,OLB,73,233,4.62,37.0,124.0,7.14,4.37,142,0,100-150
248,Tank Carder,ILB,74,236,4.58,34.5,121.0,6.89,4.18,78,0,50-100
249,Teddy Lehman,OLB,73,240,4.55,34.5,113.0,6.91,4.06,45,0,0-50
250,Terna Nande,OLB,72,232,4.51,39.0,124.0,6.97,4.11,1,0,0-50
251,Terrell Manning,OLB,74,237,4.71,32.5,114.0,7.18,4.43,10,0,0-50
252,Terrence Robinson,ILB,72,240,4.95,33.5,116.0,7.62,4.36,1,0,0-50
253,Thaddeus Gibson,OLB,74,243,4.78,32.0,115.0,6.84,4.27,4,0,0-50
254,Thomas Howard,OLB,75,239,4.42,39.0,124.0,6.96,4.28,95,0,50-100
255,Tim Dobbins,ILB,73,246,4.59,35.5,110.0,7.25,4.39,110,0,50-100
257,Tim Shaw,OLB,73,236,4.51,36.5,116.0,7.01,4.12,80,0,50-100
258,Tony Taylor,OLB,72,236,4.92,32.0,108.0,7.17,4.36,16,0,0-50
259,Travis Goethel,ILB,74,240,4.81,35.0,111.0,6.93,4.54,16,0,0-50
261,Victor Butler,OLB,74,248,4.72,33.0,113.0,7.21,4.4,65,0,50-100
262,Victor Hobson,ILB,72,252,4.86,33.0,117.0,7.26,4.33,79,0,50-100
263,Von Miller,OLB,75,246,4.42,37.0,126.0,6.7,4.06,159,8,100-150
264,Wesley Woodyard,OLB,72,227,4.51,30.0,118.0,7.15,4.25,180,0,150-200
265,Will Witherspoon,OLB,73,231,4.68,38.0,122.0,7.09,4.21,189,0,150-200
266,William Kershaw,OLB,75,240,4.63,37.0,111.0,6.95,4.17,5,0,0-50
267,Zak DeOssie,ILB,77,250,4.58,34.5,122.0,6.89,4.22,199,2,150-200
1,Ahmad Bradshaw,RB,69,198,4.55,34.0,112.0,6.7,4.09,103,0,50-100
2,Alex Green,RB,72,225,4.45,34.0,114.0,6.91,4.15,29,0,0-50
3,Alfred Morris,RB,70,219,4.63,35.5,117.0,7.01,4.19,114,2,100-150
4,Allen Bradford,RB,71,242,4.53,29.0,113.0,6.97,4.39,19,0,0-50
6,Alvin Pearman,RB,69,208,4.63,34.0,114.0,7.06,4.08,38,0,0-50
9,Anthony Allen,RB,73,228,4.56,41.5,120.0,6.79,4.06,21,0,0-50
10,Anthony Dixon,RB,73,233,4.67,33.0,121.0,7.09,4.49,96,0,50-100
11,Anthony Sherman,FB,70,242,4.74,32.5,111.0,7.23,4.41,153,1,100-150
12,Anthony Thomas,RB,74,229,4.58,32.5,115.0,7.48,4.44,87,0,50-100
13,Antonio Pittman,RB,71,207,4.4,35.5,123.0,6.84,4.16,23,0,0-50
14,Avon Cobourne,RB,67,205,4.7,31.5,112.0,7.21,4.18,7,0,0-50
16,Bernard Pierce,RB,72,218,4.45,36.5,123.0,7.07,4.28,52,0,0-50
17,Bernard Scott,RB,70,200,4.44,36.0,125.0,6.82,4.08,49,0,0-50
19,Brandon Bolden,RB,71,222,4.55,38.0,119.0,6.96,4.44,139,0,100-150
20,Brandon Jackson,RB,70,210,4.54,37.0,122.0,7.0,4.14,54,0,0-50
21,Brandon Jacobs,RB,76,267,4.56,37.0,118.0,7.53,4.46,109,0,50-100
22,Brandon Saine,RB,71,220,4.4,34.5,113.0,6.98,4.25,14,0,0-50
23,Brian Calhoun,RB,69,201,4.57,31.5,124.0,7.05,4.2,11,0,0-50
24,Brian Leonard,RB,73,226,4.52,34.5,122.0,6.88,4.22,88,0,50-100
25,Brian Westbrook,RB,68,200,4.57,37.0,118.0,7.09,4.400000095,121,2,100-150
26,Cadillac Williams,RB,71,217,4.43,35.5,118.0,6.94,4.15,81,0,50-100
27,Cedric Peerman,RB,69,216,4.34,40.0,117.0,6.99,4.29,92,1,50-100
28,Charles Clay,FB,75,245,4.69,33.5,118.0,7.07,4.15,28,0,0-50
29,Charles Stackhouse,FB,74,252,4.93,29.0,111.0,7.63,4.53,30,0,0-50
30,Chris Ogbonnaya,RB,72,220,4.57,35.0,111.0,6.85,4.29,53,0,0-50
31,Chris Polk,RB,70,215,4.52,31.5,111.0,7.13,4.21,51,0,0-50
32,Chris Rainey,RB,68,180,4.36,36.5,120.0,6.5,3.93,18,0,0-50
34,Correll Buckhalter,RB,72,226,4.53,40.0,123.0,7.08,4.06,103,0,50-100
35,Cory Boyd,RB,72,213,4.52,33.5,118.0,6.97,4.24,1,0,0-50
36,Curtis Keaton,RB,70,214,4.41,41.5,131.0,6.82,3.93,25,0,0-50
37,Cyrus Gray,RB,70,206,4.4,32.5,114.0,7.17,4.400000095,35,0,0-50
38,Da'Rel Scott,RB,71,211,4.4,34.0,117.0,7.15,4.2,20,0,0-50
40,Damien Anderson,RB,70,211,4.56,33.5,112.0,6.93,4.02,35,0,0-50
42,Dan Herron,RB,70,213,4.57,35.0,117.0,6.97,4.04,35,0,0-50
43,Darius Walker,RB,70,206,4.55,40.5,123.0,7.18,4.39,4,0,0-50
44,Darren Evans,RB,72,227,4.56,35.0,111.0,6.96,4.46,3,0,0-50
45,Darren Sproles,RB,66,187,4.47,33.0,105.0,6.96,3.96,183,3,150-200
47,David Wilson,RB,70,206,4.38,41.0,132.0,7.09,4.12,21,0,0-50
49,DeAndra Cobb,RB,70,196,4.49,34.0,118.0,7.13,4.25,3,0,0-50
50,DeMarco Murray,RB,72,213,4.37,34.5,124.0,7.28,4.18,99,3,50-100
52,Delone Carter,RB,69,222,4.54,37.0,120.0,6.92,4.07,27,0,0-50
53,Deon Anderson,FB,71,243,4.73,33.0,114.0,7.27,4.43,39,0,0-50
54,Deon Dyer,FB,71,260,4.99,28.0,104.0,7.88,4.81,45,0,0-50
58,Derrick Ross,RB,70,226,4.56,35.0,112.0,7.0,4.35,7,0,0-50
59,Dion Lewis,RB,67,193,4.56,34.5,112.0,6.9,4.18,102,0,50-100
60,Domanick Williams,RB,69,213,4.63,32.5,112.0,7.32,4.47,40,0,0-50
61,Donald Brown,RB,70,210,4.46,41.5,125.0,6.93,4.1,89,0,50-100
63,Doug Martin,RB,69,223,4.46,36.0,120.0,6.79,4.16,84,2,50-100
65,Dwayne Wright,RB,71,228,4.66,34.0,115.0,7.23,4.43,15,0,0-50
66,Dwone Hicks,RB,70,222,4.6,34.0,115.0,7.38,4.42,3,0,0-50
72,Evan Royster,RB,72,212,4.65,34.0,113.0,7.07,4.18,32,0,0-50
73,Felix Jones,RB,70,207,4.44,33.5,124.0,6.9,4.19,80,0,50-100
75,Garrett Wolfe,RB,67,186,4.39,35.5,116.0,6.69,4.08,50,0,0-50
76,Gary Russell,RB,70,229,4.77,31.5,113.0,7.300000191,4.54,27,0,0-50
77,George Layne,FB,71,242,4.59,32.0,115.0,7.08,4.19,11,0,0-50
80,Glen Coffee,RB,72,209,4.5,36.0,121.0,7.35,4.51,14,0,0-50
81,Heath Evans,FB,72,246,4.56,34.5,111.0,7.3,4.24,143,0,100-150
83,Isaiah Pead,RB,70,197,4.39,33.0,116.0,6.95,4.32,30,0,0-50
84,J.J. Arrington,RB,69,214,4.4,35.0,121.0,6.81,4.1,58,0,50-100
85,Jacob Hester,FB,71,226,4.61,27.5,111.0,6.85,4.24,65,0,50-100
86,Jacquizz Rodgers,RB,66,196,4.59,33.0,113.0,7.31,4.26,110,0,50-100
87,Jahvid Best,RB,70,199,4.34,32.5,113.0,6.75,4.17,22,0,0-50
88,Jalen Parmele,RB,71,224,4.47,34.0,125.0,6.96,4.29,36,0,0-50
89,Jamaal Charles,RB,71,200,4.38,30.5,122.0,6.8,4.22,119,4,100-150
91,Jameel Cook,FB,70,226,4.8,29.5,108.0,7.55,4.38,109,0,50-100
93,James Davis,RB,71,218,4.45,32.0,109.0,7.15,4.37,9,0,0-50
94,James Starks,RB,74,218,4.5,36.0,119.0,6.89,4.23,76,0,50-100
95,Jamie Harper,RB,71,233,4.53,36.5,120.0,7.16,4.39,23,0,0-50
97,Jarrod Baxter,FB,73,245,4.7,32.5,116.0,7.1,4.27,32,0,0-50
98,Jason Snelling,FB,71,230,4.79,30.0,111.0,7.06,4.37,96,0,50-100
99,Jason Wright,RB,70,210,4.68,30.0,111.0,7.35,4.12,80,0,50-100
100,Javon Ringer,RB,69,205,4.5,34.0,115.0,6.87,4.11,37,0,0-50
102,Jerious Norwood,RB,72,210,4.4,36.5,122.0,6.81,4.25,66,0,50-100
103,Jerome Felton,FB,72,241,4.68,32.5,110.0,7.2,4.46,132,1,100-150
104,Jerome Harrison,RB,69,201,4.47,34.5,124.0,6.77,4.07,63,0,50-100
105,John Conner,FB,71,246,4.64,35.0,111.0,7.15,4.32,62,0,50-100
106,Johnny White,RB,70,209,4.5,32.5,117.0,7.07,4.31,19,0,0-50
107,Joique Bell,RB,71,220,4.68,36.5,120.0,6.84,4.17,75,0,50-100
108,Jonathan Dwyer,RB,71,229,4.64,33.0,107.0,7.56,4.67,38,0,0-50
110,Joseph Addai,RB,71,214,4.4,38.5,125.0,7.09,4.47,78,1,50-100
112,Julius Jones,RB,70,217,4.47,37.5,121.0,6.97,4.12,94,0,50-100
113,Justin Forsett,RB,68,194,4.62,26.5,112.0,6.96,4.400000095,122,1,100-150
114,Justin Green,FB,71,251,4.84,31.0,109.0,7.24,4.21,39,0,0-50
115,Justin Griffith,FB,71,232,4.59,32.0,113.0,7.73,4.68,96,0,50-100
116,Kahlil Bell,RB,71,212,4.74,34.5,114.0,6.87,4.2,30,0,0-50
119,Keith Toston,RB,72,213,4.66,32.0,110.0,7.300000191,4.67,21,0,0-50
120,Kendall Hunter,RB,67,199,4.46,35.0,122.0,6.74,4.21,45,0,0-50
121,Kenneth Darby,RB,70,211,4.75,30.0,108.0,7.25,4.53,41,0,0-50
122,Kerry Carter,RB,74,238,4.61,36.0,118.0,7.29,4.39,32,0,0-50
123,Kevin Dudley,FB,72,238,4.91,30.0,109.0,7.25,4.56,2,0,0-50
124,Kevin McDougal,RB,71,206,4.63,32.0,108.0,7.08,4.12,15,0,0-50
125,Kevin Smith,RB,73,217,4.53,32.0,120.0,6.74,4.49,54,0,0-50
126,Knowshon Moreno,RB,71,217,4.5,35.5,115.0,6.84,4.27,63,0,50-100
127,Kolby Smith,RB,71,220,4.5,38.0,114.0,7.22,4.34,27,0,0-50
129,Kory Sheets,RB,71,208,4.39,37.0,121.0,7.18,4.39,2,0,0-50
131,LaDainian Tomlinson,RB,70,221,4.46,40.5,124.0,6.84,4.21,170,5,150-200
132,LaMichael James,RB,68,194,4.35,35.0,123.0,6.88,4.12,18,0,0-50
133,Ladell Betts,RB,70,220,4.62,38.0,116.0,7.06,4.06,111,0,100-150
135,Lawrence Vickers,FB,72,245,4.82,30.5,104.0,7.74,4.63,106,0,50-100
136,LeGarrette Blount,RB,72,241,4.7,35.0,117.0,6.85,4.49,132,0,100-150
138,Leon Washington,RB,68,201,4.42,32.5,105.0,6.94,4.37,126,2,100-150
142,Lonyae Miller,RB,71,221,4.43,36.5,120.0,7.2,4.54,4,0,0-50
143,Lousaka Polite,FB,72,246,4.68,32.0,117.0,7.45,4.18,82,0,50-100
144,Madison Hedgecock,FB,75,266,4.87,32.5,108.0,7.41,4.24,84,0,50-100
146,Marcus Mailei,FB,72,248,4.87,35.0,113.0,7.36,4.33,2,0,0-50
148,Mark Ingram,RB,69,215,4.62,31.5,118.0,7.13,4.62,154,3,100-150
151,Marshawn Lynch,RB,71,215,4.46,35.5,125.0,7.05,4.55,149,5,100-150
153,Matt Forte,RB,73,217,4.44,33.0,118.0,6.84,4.23,146,2,100-150
154,Maurice Jones-Drew,RB,67,207,4.39,36.0,116.0,7.08,4.38,126,3,100-150
155,Mewelde Moore,RB,71,209,4.65,35.0,118.0,7.05,4.12,122,0,100-150
156,Michael Turner,RB,70,237,4.49,31.0,114.0,7.5,4.15,134,2,100-150
157,Mike Bell,RB,72,221,4.6,31.5,112.0,7.16,4.21,53,0,0-50
158,Mike Goodson,RB,72,208,4.43,39.5,118.0,6.89,4.22,42,0,0-50
162,Moran Norris,FB,73,250,4.63,31.0,114.0,7.56,4.5,140,0,100-150
164,Nehemiah Broughton,RB,71,250,4.59,30.0,108.0,7.54,4.28,6,0,0-50
165,Nick Maddox,RB,71,211,4.65,33.5,115.0,7.33,4.5,1,0,0-50
166,Noah Herron,RB,71,224,4.6,31.0,108.0,6.95,3.97,23,0,0-50
167,Omar Easy,FB,73,244,4.53,40.0,123.0,7.25,4.12,53,0,0-50
168,Ovie Mughelli,FB,73,255,4.73,31.5,114.0,7.78,4.32,107,1,50-100
169,Owen Marecic,FB,72,248,4.87,28.5,102.0,7.1,4.56,24,0,0-50
171,Peyton Hillis,FB,73,240,4.64,30.5,117.0,7.15,4.400000095,81,0,50-100
172,Quentin Griffin,RB,67,195,4.48,38.0,123.0,7.300000191,4.08,16,0,0-50
173,Quinton Ganther,RB,69,218,4.5,35.0,119.0,7.19,4.400000095,36,0,0-50
175,Rashad Jennings,RB,73,231,4.52,34.0,120.0,6.86,4.2,93,0,50-100
176,Rashard Mendenhall,RB,70,225,4.41,33.5,117.0,7.300000191,4.18,72,0,50-100
177,Ray Rice,RB,68,199,4.42,31.5,119.0,6.65,4.2,92,3,50-100
178,Reggie White,RB,72,228,4.58,37.5,114.0,7.48,4.4,5,0,0-50
181,Robert Turbin,RB,70,222,4.42,36.0,122.0,7.16,4.31,82,0,50-100
182,Rock Cartwright,RB,68,237,4.47,35.0,116.0,7.18,4.25,154,0,100-150
184,Ronnie Brown,RB,72,233,4.43,34.0,117.0,7.1,4.08,132,1,100-150
185,Roy Helu,RB,71,219,4.4,36.5,119.0,6.67,4.01,57,0,50-100
186,Rudi Johnson,RB,70,227,4.57,37.5,119.0,7.32,4.22,95,1,50-100
187,Ryan Mathews,RB,72,218,4.37,36.0,121.0,7.0,4.33,86,1,50-100
188,Ryan Moats,RB,68,210,4.46,36.0,117.0,7.22,4.1,38,0,0-50
190,Sammy Morris,FB,72,221,4.65,37.5,117.0,7.05,4.21,144,0,100-150
191,Shane Vereen,RB,70,210,4.49,34.0,115.0,6.95,4.28,79,0,50-100
192,Shaud Williams,RB,67,193,4.73,34.0,114.0,7.01,4.15,25,0,0-50
193,Shaun Chapas,FB,74,247,4.87,35.5,116.0,7.13,4.4,6,0,0-50
194,Shaun Draughn,RB,71,213,4.73,34.0,118.0,7.15,4.2,57,0,50-100
195,Shonn Greene,RB,70,227,4.55,37.0,121.0,7.1,4.4,85,0,50-100
196,Shyrone Stith,RB,67,204,4.6,35.0,111.0,7.14,4.14,15,0,0-50
197,Stevan Ridley,RB,71,225,4.65,36.0,118.0,6.78,4.21,73,0,50-100
198,Tashard Choice,RB,70,215,4.48,34.0,119.0,6.88,4.400000095,88,0,50-100
200,Terrance Ganaway,RB,71,239,4.61,37.5,119.0,7.15,4.25,3,0,0-50
201,Terrelle Smith,FB,72,249,5.0,32.5,109.0,8.38,4.85,146,0,100-150
203,Thomas Tapeh,FB,73,245,4.8,32.5,114.0,7.65,4.52,41,0,0-50
204,Toby Gerhart,RB,72,231,4.5,38.0,118.0,6.94,4.25,82,0,50-100
205,Tom Lopienski,FB,72,246,4.75,34.0,111.0,7.53,4.24,6,0,0-50
206,Tony Fiammetta,FB,72,245,4.58,34.0,112.0,7.31,4.49,51,0,0-50
207,Tony Fisher,RB,73,226,4.66,41.5,126.0,7.0,4.13,68,0,50-100
208,Travis Prentice,RB,72,225,4.5,37.0,115.0,6.92,4.4,30,0,0-50
209,Troy Fleming,FB,72,230,4.62,32.0,120.0,6.94,3.91,29,0,0-50
210,Troy Hambrick,RB,72,237,4.66,34.5,118.0,7.48,4.44,61,0,50-100
211,Tyrell Sutton,RB,68,211,4.64,33.0,114.0,6.94,4.32,16,0,0-50
213,Vernand Morency,RB,70,212,4.66,33.5,108.0,7.02,4.12,39,0,0-50
214,Verron Haynes,FB,70,224,4.78,31.5,117.0,7.27,4.08,68,0,50-100
215,Vick Ballard,RB,70,219,4.59,33.0,115.0,7.03,4.19,17,0,0-50
216,Wali Lundy,RB,71,214,4.48,35.0,111.0,6.99,4.36,14,0,0-50
1,Andrew Luck,QB,76,234,4.59,36.0,124.0,6.8,4.28,86,4,50-100
2,Andy Dalton,QB,74,215,4.83,29.5,106.0,6.93,4.27,159,3,100-150
4,Blaine Gabbert,QB,76,234,4.61,33.5,120.0,6.84,4.26,66,0,50-100
6,Brett Basanez,QB,73,220,4.76,34.0,114.0,6.75,4.22,1,0,0-50
8,Brian Hoyer,QB,74,215,5.02,32.0,109.0,7.1,4.42,76,0,50-100
10,Brodie Croyle,QB,74,205,4.88,30.5,104.0,7.34,4.25,18,0,0-50
11,Bruce Gradkowski,QB,73,217,4.59,34.0,107.0,7.12,4.16,37,0,0-50
12,Cam Newton,QB,77,248,4.56,35.0,126.0,6.92,4.18,148,3,100-150
13,Chad Henne,QB,75,230,4.92,25.5,106.0,7.17,4.4,77,0,50-100
14,Chad Pennington,QB,75,229,4.81,33.5,111.0,7.12,4.16,89,0,50-100
16,Charlie Frye,QB,76,225,4.79,33.0,113.0,6.94,4.08,26,0,0-50
17,Charlie Whitehurst,QB,77,223,4.75,33.0,112.0,7.0,4.11,25,0,0-50
18,Chris Redman,QB,75,222,5.37,26.5,98.0,7.8,4.78,30,0,0-50
20,Christian Ponder,QB,74,229,4.63,34.0,116.0,6.85,4.09,38,0,0-50
22,Cody Pickett,QB,75,233,4.79,30.5,109.0,7.19,4.3,6,0,0-50
23,Colin Kaepernick,QB,77,233,4.53,32.5,115.0,6.85,4.18,69,0,50-100
24,Craig Krenzel,QB,75,228,4.84,28.0,112.0,7.22,4.08,6,0,0-50
25,Curtis Painter,QB,75,225,4.87,29.0,102.0,7.0,4.48,14,0,0-50
27,Dan Orlovsky,QB,77,225,4.93,29.5,107.0,7.33,4.39,26,0,0-50
28,Dave Ragone,QB,76,249,4.99,30.5,101.0,7.42,4.36,2,0,0-50
29,David Carr,QB,75,223,4.67,35.0,108.0,7.05,4.28,94,0,50-100
30,David Garrard,QB,74,235,4.82,33.5,111.0,7.35,4.26,86,1,50-100
32,Drew Brees,QB,72,213,4.83,32.0,105.0,7.09,4.21,287,13,>330
39,Ingle Martin,QB,74,220,4.71,36.0,111.0,7.13,4.17,1,0,0-50
41,Jake Locker,QB,74,231,4.51,35.0,120.0,6.77,4.12,30,0,0-50
46,Joe Flacco,QB,78,236,4.84,28.5,110.0,6.82,4.27,181,0,150-200
47,Joey Harrington,QB,76,215,4.89,32.0,112.0,7.0,4.21,81,0,50-100
48,John Beck,QB,74,215,4.75,29.5,111.0,6.81,4.17,9,0,0-50
49,John Navarre,QB,78,246,5.19,26.5,100.0,7.73,4.46,2,0,0-50
51,John Skelton,QB,77,243,4.85,33.5,108.0,7.17,4.33,20,0,0-50
53,Josh Freeman,QB,78,248,4.9,33.5,119.0,7.11,4.43,62,0,50-100
54,Josh McCown,QB,76,221,4.59,38.5,120.0,6.85,3.9,102,0,50-100
57,Kevin Kolb,QB,75,218,4.85,32.5,112.0,6.94,4.44,34,0,0-50
58,Kevin O'Connell,QB,77,225,4.61,31.0,113.0,7.01,4.38,2,0,0-50
59,Kirk Cousins,QB,75,214,4.84,28.5,109.0,7.05,4.5,134,3,100-150
62,Kyle Boller,QB,75,234,4.61,35.5,117.0,7.2,4.02,67,0,50-100
63,Luke McCown,QB,76,208,4.71,37.5,125.0,6.74,4.21,62,0,50-100
64,Marcus Vick,QB,72,200,4.47,36.0,117.0,6.94,4.08,1,0,0-50
65,Mark Sanchez,QB,74,227,4.93,32.5,116.0,7.06,4.21,79,0,50-100
66,Marques Tuiasosopo,QB,73,223,4.71,35.5,115.0,7.36,4.35,13,0,0-50
67,Matt Flynn,QB,74,231,4.79,28.0,109.0,7.21,4.34,51,0,0-50
68,Matt Gutierrez,QB,76,232,5.0,29.5,108.0,6.99,4.28,6,0,0-50
69,Matt Schaub,QB,78,243,5.04,30.5,110.0,7.65,4.62,155,2,100-150
70,Matthew Stafford,QB,74,225,4.81,30.5,107.0,7.06,4.47,190,1,150-200
71,Max Hall,QB,73,209,4.84,32.0,102.0,7.07,4.35,6,0,0-50
73,Mike McMahon,QB,74,207,4.57,37.5,124.0,7.12,4.12,29,0,0-50
76,Pat White,QB,72,197,4.55,35.0,117.0,7.06,4.42,13,0,0-50
77,Patrick Ramsey,QB,74,219,5.24,33.5,112.0,7.12,4.09,37,0,0-50
78,Quincy Carter,QB,74,225,4.58,35.5,113.0,7.12,4.12,38,0,0-50
79,Randy Fasani,QB,75,224,4.77,31.5,106.0,6.75,3.87,4,0,0-50
80,Reggie McNeal,QB,74,198,4.4,32.0,121.0,6.96,4.25,7,0,0-50
83,Ronald Curry,QB,74,220,4.59,35.0,115.0,7.06,4.11,76,0,50-100
85,Russell Wilson,QB,71,204,4.53,34.0,118.0,6.97,4.09,166,9,150-200
86,Ryan Fitzpatrick,QB,74,232,4.86,30.5,105.0,7.09,4.07,166,0,150-200
87,Ryan Lindley,QB,76,229,4.86,29.5,108.0,7.52,4.45,10,0,0-50
92,Spergon Wynn,QB,75,229,4.91,34.0,108.0,7.71,4.59,10,0,0-50
94,T.J. Yates,QB,75,219,5.06,29.5,104.0,6.96,4.12,22,0,0-50
95,Tarvaris Jackson,QB,74,226,4.69,31.5,107.0,7.4,4.38,59,0,50-100
97,Tim Rattay,QB,72,215,4.91,25.5,100.0,7.34,4.21,40,0,0-50
98,Tim Tebow,QB,75,236,4.71,38.5,115.0,6.66,4.17,35,0,0-50
99,Todd Husak,QB,75,216,5.2,27.5,99.0,7.17,4.41,1,0,0-50
100,Tom Brady,QB,76,211,5.28,24.5,99.0,7.2,4.38,328,15,>330
102,Tony Pike,QB,78,223,4.9,28.5,108.0,7.06,4.53,1,0,0-50
105,Tyrod Taylor,QB,73,217,4.47,37.5,126.0,6.78,4.09,79,1,50-100
